  
-- Dureza.
INSERT INTO DUREZA VALUES
('1', 65);

-- Color
INSERT INTO COLOR VALUES
(1, 'BLANCO', '#FFFFFF'),
(2, 'NEGRO', '#000000'),
(3, 'CREPE', '#FFC44D'),
(4, 'CAFE', '#6F4E37'),
(5, 'VAINILLA', '#F3E5AB'),
(6, 'CARTON', '#806C51'),
(7, 'PALO ROSA', '#DD969C'),
(8, 'MARFIL', '#E1CC4F'),
(9, 'MANI', '#FFFB7E'),
(10, 'AZUL CELESTE', '#2271B3'),
(11, 'TRANSPARENTE (TRASLÚCIDO)', '#FFF0F8'),
(12, 'HUESO', '#E6D690'),
(13, 'FUCSIA TRASLUCIDO', '#E387AF'),
(14, 'AMARILLO TRASLUCIDO', '#FFFF95'),
(15, 'ROSADO', '#FF0080'),
(16, 'VERDE MENTA', '#20603D'),
(17, 'VERDE OSCURO TRASLUCIDO', '#93D58B'),
(18, 'AZUL MARINO', '#252850'),
(19, 'GRIS', '#9C9C9C'),
(20, 'HIELO', '#82A1B1'),
(21, 'KLIM', '#FFF29F'),
(22, 'BLANCO/NEGRO', '#333333'),
(23, 'AZUL REY', '#3E5F8A'),
(24, 'CAMEL', '#C19A6B'),
(25, 'FUCSIA', '#E30052'),
(26, 'ROJO', '#FF0000 ');
-- Maquinarias
INSERT INTO MAQUINARIAS VALUES
(NULL, 'ROTATIVA 1', 'BLANCO', 'EXPANSO', 3000, 3000, 'ACTIVO', 20, NOW(), NOW()),
(NULL, 'ROTATIVA 2', 'BLANCO', 'EXPANSO', 3000, 3000, 'ACTIVO', 20, NOW(), NOW()),
(NULL, 'ROTATIVA 3', 'BLANCO', 'EXPANSO', 3000, 3000, 'ACTIVO', 20, NOW(), NOW()),
(NULL, 'INYECTORA', 'BLANCO', 'PVC', 3000, 3000, 'ACTIVO', 1, NOW(), NOW()),
(NULL, 'LORENCINI', 'BLANCO', 'EXPANSO/PVC', 3000, 3000, 'ACTIVO', 5, NOW(), NOW());

-- Casilleros
INSERT INTO CASILLEROS VALUES 
(NULL, 1, 1, NULL, NULL, 1),
(NULL, 2, 1, NULL, NULL, 1),
(NULL, 3, 1, NULL, NULL, 1),
(NULL, 4, 1, NULL, NULL, 1),
(NULL, 5, 1, NULL, NULL, 1),
(NULL, 6, 1, NULL, NULL, 1),
(NULL, 7, 1, NULL, NULL, 1),
(NULL, 8, 1, NULL, NULL, 1),
(NULL, 9, 1, NULL, NULL, 1),
(NULL, 10, 1, NULL, NULL, 1),
(NULL, 11, 1, NULL, NULL, 1),
(NULL, 12, 1, NULL, NULL, 1),
(NULL, 13, 1, NULL, NULL, 1),
(NULL, 14, 1, NULL, NULL, 1),
(NULL, 15, 1, NULL, NULL, 1),
(NULL, 16, 1, NULL, NULL, 1),
(NULL, 17, 1, NULL, NULL, 1),
(NULL, 18, 1, NULL, NULL, 1),
(NULL, 19, 1, NULL, NULL, 1),
(NULL, 20, 1, NULL, NULL, 1),
(NULL, 1, 2, NULL, NULL, 1),
(NULL, 2, 2, NULL, NULL, 1),
(NULL, 3, 2, NULL, NULL, 1),
(NULL, 4, 2, NULL, NULL, 1),
(NULL, 5, 2, NULL, NULL, 1),
(NULL, 6, 2, NULL, NULL, 1),
(NULL, 7, 2, NULL, NULL, 1),
(NULL, 8, 2, NULL, NULL, 1),
(NULL, 9, 2, NULL, NULL, 1),
(NULL, 10, 2, NULL, NULL, 1),
(NULL, 11, 2, NULL, NULL, 1),
(NULL, 12, 2, NULL, NULL, 1),
(NULL, 13, 2, NULL, NULL, 1),
(NULL, 14, 2, NULL, NULL, 1),
(NULL, 15, 2, NULL, NULL, 1),
(NULL, 16, 2, NULL, NULL, 1),
(NULL, 17, 2, NULL, NULL, 1),
(NULL, 18, 2, NULL, NULL, 1),
(NULL, 19, 2, NULL, NULL, 1),
(NULL, 20, 2, NULL, NULL, 1),
(NULL, 1, 3, NULL, NULL, 1),
(NULL, 2, 3, NULL, NULL, 1),
(NULL, 3, 3, NULL, NULL, 1),
(NULL, 4, 3, NULL, NULL, 1),
(NULL, 5, 3, NULL, NULL, 1),
(NULL, 6, 3, NULL, NULL, 1),
(NULL, 7, 3, NULL, NULL, 1),
(NULL, 8, 3, NULL, NULL, 1),
(NULL, 9, 3, NULL, NULL, 1),
(NULL, 10, 3, NULL, NULL, 1),
(NULL, 11, 3, NULL, NULL, 1),
(NULL, 12, 3, NULL, NULL, 1),
(NULL, 13, 3, NULL, NULL, 1),
(NULL, 14, 3, NULL, NULL, 1),
(NULL, 15, 3, NULL, NULL, 1),
(NULL, 16, 3, NULL, NULL, 1),
(NULL, 17, 3, NULL, NULL, 1),
(NULL, 18, 3, NULL, NULL, 1),
(NULL, 19, 3, NULL, NULL, 1),
(NULL, 20, 3, NULL, NULL, 1),
(NULL, 1, 4, NULL, NULL, 1),
(NULL, 1, 5, NULL, NULL, 1),
(NULL, 2, 5, NULL, NULL, 1),
(NULL, 3, 5, NULL, NULL, 1),
(NULL, 4, 5, NULL, NULL, 1),
(NULL, 5, 5, NULL, NULL, 1);

-- Suelas
INSERT INTO `suelas` (`ID`, `REFERENCIA`, `MARCA`, `TALLA`, `MATERIAL`, `PESO_MAQUINA`, `PESO_IDEAL`, `CAP_EMPAQUETADO`) VALUES
(1, 'PT-SELBB', 'SUELA ELSA BEBE', 15, 'PVC', 100, 100, 100),
(2, 'PT-ASBEL', 'APLIQUE BELLA', 0, 'PVC', 100, 100, 100),
(3, 'PT-CCRAZI', 'CUÑA CRAZY', 34, 'PVC', 100, 100, 100),
(4, 'PT-CCRAZI', 'CUÑA CRAZY', 35, 'PVC', 100, 100, 100),
(5, 'PT-CCRAZI', 'CUÑA CRAZY', 36, 'PVC', 100, 100, 100),
(6, 'PT-CCRAZI', 'CUÑA CRAZY', 37, 'PVC', 100, 100, 100),
(7, 'PT-CCRAZI', 'CUÑA CRAZY', 38, 'PVC', 100, 100, 100),
(8, 'PT-CCRAZI', 'CUÑA CRAZY', 39, 'PVC', 100, 100, 100),
(9, 'PT-CCRAZI', 'CUÑA CRAZY', 40, 'PVC', 100, 100, 100),
(10, 'PT-MP5', 'MEDIA PLA 5', 34, 'PVC', 100, 100, 100),
(11, 'PT-MP5', 'MEDIA PLA 5', 35, 'PVC', 100, 100, 100),
(12, 'PT-MP5', 'MEDIA PLA 5', 36, 'PVC', 100, 100, 100),
(13, 'PT-MP5', 'MEDIA PLA 5', 37, 'PVC', 100, 100, 100),
(14, 'PT-MP5', 'MEDIA PLA 5', 38, 'PVC', 100, 100, 100),
(15, 'PT-MP5', 'MEDIA PLA 5', 39, 'PVC', 100, 100, 100),
(16, 'PT-MP5', 'MEDIA PLA 5', 40, 'PVC', 100, 100, 100),
(17, 'PT-SPBFPU', 'PLANTILLA BEIRA FORRADA', 34, 'EXPANSO', 100, 100, 100),
(18, 'PT-SPBFPU', 'PLANTILLA BEIRA FORRADA', 35, 'EXPANSO', 100, 100, 100),
(19, 'PT-SPBFPU', 'PLANTILLA BEIRA FORRADA', 36, 'EXPANSO', 100, 100, 100),
(20, 'PT-SPBFPU', 'PLANTILLA BEIRA FORRADA', 37, 'EXPANSO', 100, 100, 100),
(21, 'PT-SPBFPU', 'PLANTILLA BEIRA FORRADA', 38, 'EXPANSO', 100, 100, 100),
(22, 'PT-SPBFPU', 'PLANTILLA BEIRA FORRADA', 39, 'EXPANSO', 100, 100, 100),
(23, 'PT-SPBFPU', 'PLANTILLA BEIRA FORRADA', 40, 'EXPANSO', 100, 100, 100),
(24, 'PT-SADID', 'SUELA ADID GRANDE', 34, 'EXPANSO', 100, 100, 100),
(25, 'PT-SADID', 'SUELA ADID GRANDE', 35, 'EXPANSO', 100, 100, 100),
(26, 'PT-SADID', 'SUELA ADID GRANDE', 36, 'EXPANSO', 100, 100, 100),
(27, 'PT-SADID', 'SUELA ADID GRANDE', 37, 'EXPANSO', 100, 100, 100),
(28, 'PT-SADID', 'SUELA ADID GRANDE', 38, 'EXPANSO', 100, 100, 100),
(29, 'PT-SADID', 'SUELA ADID GRANDE', 39, 'EXPANSO', 100, 100, 100),
(30, 'PT-SADID', 'SUELA ADID GRANDE', 40, 'EXPANSO', 100, 100, 100),
(31, 'PT-SALPHA', 'SUELA ALPHA', 34, 'EXPANSO', 100, 100, 100),
(32, 'PT-SALPHA', 'SUELA ALPHA', 35, 'EXPANSO', 100, 100, 100),
(33, 'PT-SALPHA', 'SUELA ALPHA', 36, 'EXPANSO', 100, 100, 100),
(34, 'PT-SALPHA', 'SUELA ALPHA', 37, 'EXPANSO', 100, 100, 100),
(35, 'PT-SALPHA', 'SUELA ALPHA', 38, 'EXPANSO', 100, 100, 100),
(36, 'PT-SALPHA', 'SUELA ALPHA', 39, 'EXPANSO', 100, 100, 100),
(37, 'PT-SALPHA', 'SUELA ALPHA', 40, 'EXPANSO', 100, 100, 100),
(38, 'PT-ALWAYS', 'SUELA ALWAYS', 34, 'EXPANSO', 100, 100, 100),
(39, 'PT-ALWAYS', 'SUELA ALWAYS', 35, 'EXPANSO', 100, 100, 100),
(40, 'PT-ALWAYS', 'SUELA ALWAYS', 36, 'EXPANSO', 100, 100, 100),
(41, 'PT-ALWAYS', 'SUELA ALWAYS', 37, 'EXPANSO', 100, 100, 100),
(42, 'PT-ALWAYS', 'SUELA ALWAYS', 38, 'EXPANSO', 100, 100, 100),
(43, 'PT-ALWAYS', 'SUELA ALWAYS', 39, 'EXPANSO', 100, 100, 100),
(44, 'PT-ALWAYS', 'SUELA ALWAYS', 40, 'EXPANSO', 100, 100, 100),
(45, 'PT-ALWAYN', 'SUELA ALWAYS NUEVA', 34, 'EXPANSO', 100, 100, 100),
(46, 'PT-ALWAYN', 'SUELA ALWAYS NUEVA', 35, 'EXPANSO', 100, 100, 100),
(47, 'PT-ALWAYN', 'SUELA ALWAYS NUEVA', 36, 'EXPANSO', 100, 100, 100),
(48, 'PT-ALWAYN', 'SUELA ALWAYS NUEVA', 37, 'EXPANSO', 100, 100, 100),
(49, 'PT-ALWAYN', 'SUELA ALWAYS NUEVA', 38, 'EXPANSO', 100, 100, 100),
(50, 'PT-ALWAYN', 'SUELA ALWAYS NUEVA', 39, 'EXPANSO', 100, 100, 100),
(51, 'PT-ALWAYN', 'SUELA ALWAYS NUEVA', 40, 'EXPANSO', 100, 100, 100),
(52, 'PT-SAN', 'SUELA ANTONELLA', 34, 'EXPANSO', 100, 100, 100),
(53, 'PT-SAN', 'SUELA ANTONELLA', 35, 'EXPANSO', 100, 100, 100),
(54, 'PT-SAN', 'SUELA ANTONELLA', 36, 'EXPANSO', 100, 100, 100),
(55, 'PT-SAN', 'SUELA ANTONELLA', 37, 'EXPANSO', 100, 100, 100),
(56, 'PT-SAN', 'SUELA ANTONELLA', 38, 'EXPANSO', 100, 100, 100),
(57, 'PT-SAN', 'SUELA ANTONELLA', 39, 'EXPANSO', 100, 100, 100),
(58, 'PT-SAN', 'SUELA ANTONELLA', 40, 'EXPANSO', 100, 100, 100),
(59, 'PT-SBA', 'SUELA BALENCIAGA', 34, 'EXPANSO', 100, 100, 100),
(60, 'PT-SBA', 'SUELA BALENCIAGA', 35, 'EXPANSO', 100, 100, 100),
(61, 'PT-SBA', 'SUELA BALENCIAGA', 36, 'EXPANSO', 100, 100, 100),
(62, 'PT-SBA', 'SUELA BALENCIAGA', 37, 'EXPANSO', 100, 100, 100),
(63, 'PT-SBA', 'SUELA BALENCIAGA', 38, 'EXPANSO', 100, 100, 100),
(64, 'PT-SBA', 'SUELA BALENCIAGA', 39, 'EXPANSO', 100, 100, 100),
(65, 'PT-SBA', 'SUELA BALENCIAGA', 40, 'EXPANSO', 100, 100, 100),
(66, 'PT-SLDI', 'SUELA BALETA LADIANA', 34, 'PVC', 100, 100, 100),
(67, 'PT-SLDI', 'SUELA BALETA LADIANA', 35, 'PVC', 100, 100, 100),
(68, 'PT-SLDI', 'SUELA BALETA LADIANA', 36, 'PVC', 100, 100, 100),
(69, 'PT-SLDI', 'SUELA BALETA LADIANA', 37, 'PVC', 100, 100, 100),
(70, 'PT-SLDI', 'SUELA BALETA LADIANA', 38, 'PVC', 100, 100, 100),
(71, 'PT-SLDI', 'SUELA BALETA LADIANA', 39, 'PVC', 100, 100, 100),
(72, 'PT-SLDI', 'SUELA BALETA LADIANA', 40, 'PVC', 100, 100, 100),
(73, 'PT-SBEIRA', 'SUELA BEIRA', 34, 'EXPANSO', 100, 100, 100),
(74, 'PT-SBEIRA', 'SUELA BEIRA', 35, 'EXPANSO', 100, 100, 100),
(75, 'PT-SBEIRA', 'SUELA BEIRA', 36, 'EXPANSO', 100, 100, 100),
(76, 'PT-SBEIRA', 'SUELA BEIRA', 37, 'EXPANSO', 100, 100, 100),
(77, 'PT-SBEIRA', 'SUELA BEIRA', 38, 'EXPANSO', 100, 100, 100),
(78, 'PT-SBEIRA', 'SUELA BEIRA', 39, 'EXPANSO', 100, 100, 100),
(79, 'PT-SBEIRA', 'SUELA BEIRA', 40, 'EXPANSO', 100, 100, 100),
(80, 'PT-SBEIRA', 'SUELA BEIRA', 41, 'EXPANSO', 100, 100, 100),
(81, 'PT-SBEIRA', 'SUELA BEIRA', 42, 'EXPANSO', 100, 100, 100),
(82, 'PT-BELLA', 'SUELA BELLA', 34, 'EXPANSO', 100, 100, 100),
(83, 'PT-BELLA', 'SUELA BELLA', 35, 'EXPANSO', 100, 100, 100),
(84, 'PT-BELLA', 'SUELA BELLA', 36, 'EXPANSO', 100, 100, 100),
(85, 'PT-BELLA', 'SUELA BELLA', 37, 'EXPANSO', 100, 100, 100),
(86, 'PT-BELLA', 'SUELA BELLA', 38, 'EXPANSO', 100, 100, 100),
(87, 'PT-BELLA', 'SUELA BELLA', 39, 'EXPANSO', 100, 100, 100),
(88, 'PT-BELLA', 'SUELA BELLA', 40, 'EXPANSO', 100, 100, 100),
(89, 'PT-BRAHMG', 'SUELA BRAHAMA DAMA', 34, 'EXPANSO', 100, 100, 100),
(90, 'PT-BRAHMG', 'SUELA BRAHAMA DAMA', 35, 'EXPANSO', 100, 100, 100),
(91, 'PT-BRAHMG', 'SUELA BRAHAMA DAMA', 36, 'EXPANSO', 100, 100, 100),
(92, 'PT-BRAHMG', 'SUELA BRAHAMA DAMA', 37, 'EXPANSO', 100, 100, 100),
(93, 'PT-BRAHMG', 'SUELA BRAHAMA DAMA', 38, 'EXPANSO', 100, 100, 100),
(94, 'PT-BRAHMG', 'SUELA BRAHAMA DAMA', 39, 'EXPANSO', 100, 100, 100),
(95, 'PT-BRAHMG', 'SUELA BRAHAMA DAMA', 40, 'EXPANSO', 100, 100, 100),
(96, 'PT-BRAHMM', 'SUELA BRAHAMA NIÑA', 27, 'EXPANSO', 100, 100, 100),
(97, 'PT-BRAHMM', 'SUELA BRAHAMA NIÑA', 28, 'EXPANSO', 100, 100, 100),
(98, 'PT-BRAHMM', 'SUELA BRAHAMA NIÑA', 29, 'EXPANSO', 100, 100, 100),
(99, 'PT-BRAHMM', 'SUELA BRAHAMA NIÑA', 30, 'EXPANSO', 100, 100, 100),
(100, 'PT-BRAHMM', 'SUELA BRAHAMA NIÑA', 31, 'EXPANSO', 100, 100, 100),
(101, 'PT-BRAHMM', 'SUELA BRAHAMA NIÑA', 32, 'EXPANSO', 100, 100, 100),
(102, 'PT-BRAHMM', 'SUELA BRAHAMA NIÑA', 33, 'EXPANSO', 100, 100, 100),
(103, 'PT-SBR', 'SUELA BRESKA', 34, 'EXPANSO', 100, 100, 100),
(104, 'PT-SBR', 'SUELA BRESKA', 35, 'EXPANSO', 100, 100, 100),
(105, 'PT-SBR', 'SUELA BRESKA', 36, 'EXPANSO', 100, 100, 100),
(106, 'PT-SBR', 'SUELA BRESKA', 37, 'EXPANSO', 100, 100, 100),
(107, 'PT-SBR', 'SUELA BRESKA', 38, 'EXPANSO', 100, 100, 100),
(108, 'PT-SBR', 'SUELA BRESKA', 39, 'EXPANSO', 100, 100, 100),
(109, 'PT-SBR', 'SUELA BRESKA', 40, 'EXPANSO', 100, 100, 100),
(110, 'PT-SCP', 'SUELA CANOA PUNTOS', 34, 'EXPANSO', 100, 100, 100),
(111, 'PT-SCP', 'SUELA CANOA PUNTOS', 35, 'EXPANSO', 100, 100, 100),
(112, 'PT-SCP', 'SUELA CANOA PUNTOS', 36, 'EXPANSO', 100, 100, 100),
(113, 'PT-SCP', 'SUELA CANOA PUNTOS', 37, 'EXPANSO', 100, 100, 100),
(114, 'PT-SCP', 'SUELA CANOA PUNTOS', 38, 'EXPANSO', 100, 100, 100),
(115, 'PT-SCP', 'SUELA CANOA PUNTOS', 39, 'EXPANSO', 100, 100, 100),
(116, 'PT-SCP', 'SUELA CANOA PUNTOS', 40, 'EXPANSO', 100, 100, 100),
(117, 'PT-SCHUNK', 'SUELA CHUNKY', 35, 'EXPANSO', 100, 100, 100),
(118, 'PT-SCHUNK', 'SUELA CHUNKY', 36, 'EXPANSO', 100, 100, 100),
(119, 'PT-SCHUNK', 'SUELA CHUNKY', 37, 'EXPANSO', 100, 100, 100),
(120, 'PT-SCHUNK', 'SUELA CHUNKY', 38, 'EXPANSO', 100, 100, 100),
(121, 'PT-SCHUNK', 'SUELA CHUNKY', 39, 'EXPANSO', 100, 100, 100),
(122, 'PT-SCHUNK', 'SUELA CHUNKY', 40, 'EXPANSO', 100, 100, 100),
(123, 'PT-SCL', 'SUELA CLOUDFORM', 34, 'EXPANSO', 100, 100, 100),
(124, 'PT-SCL', 'SUELA CLOUDFORM', 35, 'EXPANSO', 100, 100, 100),
(125, 'PT-SCL', 'SUELA CLOUDFORM', 36, 'EXPANSO', 100, 100, 100),
(126, 'PT-SCL', 'SUELA CLOUDFORM', 37, 'EXPANSO', 100, 100, 100),
(127, 'PT-SCL', 'SUELA CLOUDFORM', 38, 'EXPANSO', 100, 100, 100),
(128, 'PT-SCL', 'SUELA CLOUDFORM', 39, 'EXPANSO', 100, 100, 100),
(129, 'PT-SCL', 'SUELA CLOUDFORM', 40, 'EXPANSO', 100, 100, 100),
(130, 'PT-SCOG', 'SUELA COLEGIAL GR', 34, 'PVC', 100, 100, 100),
(131, 'PT-SCOG', 'SUELA COLEGIAL GR', 35, 'PVC', 100, 100, 100),
(132, 'PT-SCOG', 'SUELA COLEGIAL GR', 36, 'PVC', 100, 100, 100),
(133, 'PT-SCOG', 'SUELA COLEGIAL GR', 37, 'PVC', 100, 100, 100),
(134, 'PT-SCOG', 'SUELA COLEGIAL GR', 38, 'PVC', 100, 100, 100),
(135, 'PT-SCOG', 'SUELA COLEGIAL GR', 39, 'PVC', 100, 100, 100),
(136, 'PT-SCOG', 'SUELA COLEGIAL GR', 40, 'PVC', 100, 100, 100),
(137, 'PT-SCOM', 'SUELA COLEGIAL MED', 27, 'PVC', 100, 100, 100),
(138, 'PT-SCOM', 'SUELA COLEGIAL MED', 28, 'PVC', 100, 100, 100),
(139, 'PT-SCOM', 'SUELA COLEGIAL MED', 29, 'PVC', 100, 100, 100),
(140, 'PT-SCOM', 'SUELA COLEGIAL MED', 30, 'PVC', 100, 100, 100),
(141, 'PT-SCOM', 'SUELA COLEGIAL MED', 31, 'PVC', 100, 100, 100),
(142, 'PT-SCOM', 'SUELA COLEGIAL MED', 32, 'PVC', 100, 100, 100),
(143, 'PT-SCOM', 'SUELA COLEGIAL MED', 33, 'PVC', 100, 100, 100),
(144, 'PT-SCOR', 'SUELA CORONA', 34, 'EXPANSO', 100, 100, 100),
(145, 'PT-SCOR', 'SUELA CORONA', 35, 'EXPANSO', 100, 100, 100),
(146, 'PT-SCOR', 'SUELA CORONA', 36, 'EXPANSO', 100, 100, 100),
(147, 'PT-SCOR', 'SUELA CORONA', 37, 'EXPANSO', 100, 100, 100),
(148, 'PT-SCOR', 'SUELA CORONA', 38, 'EXPANSO', 100, 100, 100),
(149, 'PT-SCOR', 'SUELA CORONA', 39, 'EXPANSO', 100, 100, 100),
(150, 'PT-SCOR', 'SUELA CORONA', 40, 'EXPANSO', 100, 100, 100),
(151, 'PT-SCRIS', 'SUELA CRISTAL', 34, 'PVC', 100, 100, 100),
(152, 'PT-SCRIS', 'SUELA CRISTAL', 35, 'PVC', 100, 100, 100),
(153, 'PT-SCRIS', 'SUELA CRISTAL', 36, 'PVC', 100, 100, 100),
(154, 'PT-SCRIS', 'SUELA CRISTAL', 37, 'PVC', 100, 100, 100),
(155, 'PT-SCRIS', 'SUELA CRISTAL', 38, 'PVC', 100, 100, 100),
(156, 'PT-SCRIS', 'SUELA CRISTAL', 39, 'PVC', 100, 100, 100),
(157, 'PT-SCRIS', 'SUELA CRISTAL', 40, 'PVC', 100, 100, 100),
(158, 'PT-DMAR', 'SUELA DANA MARIA', 34, 'EXPANSO', 100, 100, 100),
(159, 'PT-DMAR', 'SUELA DANA MARIA', 35, 'EXPANSO', 100, 100, 100),
(160, 'PT-DMAR', 'SUELA DANA MARIA', 36, 'EXPANSO', 100, 100, 100),
(161, 'PT-DMAR', 'SUELA DANA MARIA', 37, 'EXPANSO', 100, 100, 100),
(162, 'PT-DMAR', 'SUELA DANA MARIA', 38, 'EXPANSO', 100, 100, 100),
(163, 'PT-DMAR', 'SUELA DANA MARIA', 39, 'EXPANSO', 100, 100, 100),
(164, 'PT-DMAR', 'SUELA DANA MARIA', 40, 'EXPANSO', 100, 100, 100),
(165, 'PT-SDO', 'SUELA DOLCE', 34, 'EXPANSO', 100, 100, 100),
(166, 'PT-SDO', 'SUELA DOLCE', 35, 'EXPANSO', 100, 100, 100),
(167, 'PT-SDO', 'SUELA DOLCE', 36, 'EXPANSO', 100, 100, 100),
(168, 'PT-SDO', 'SUELA DOLCE', 37, 'EXPANSO', 100, 100, 100),
(169, 'PT-SDO', 'SUELA DOLCE', 38, 'EXPANSO', 100, 100, 100),
(170, 'PT-SDO', 'SUELA DOLCE', 39, 'EXPANSO', 100, 100, 100),
(171, 'PT-SDO', 'SUELA DOLCE', 40, 'EXPANSO', 100, 100, 100),
(172, 'PT-SDO', 'SUELA DOLCE', 41, 'EXPANSO', 100, 100, 100),
(173, 'PT-SDO', 'SUELA DOLCE', 42, 'EXPANSO', 100, 100, 100),
(174, 'PT-SEI', 'SUELA EIMY', 34, 'EXPANSO', 100, 100, 100),
(175, 'PT-SEI', 'SUELA EIMY', 35, 'EXPANSO', 100, 100, 100),
(176, 'PT-SEI', 'SUELA EIMY', 36, 'EXPANSO', 100, 100, 100),
(177, 'PT-SEI', 'SUELA EIMY', 37, 'EXPANSO', 100, 100, 100),
(178, 'PT-SEI', 'SUELA EIMY', 38, 'EXPANSO', 100, 100, 100),
(179, 'PT-SEI', 'SUELA EIMY', 39, 'EXPANSO', 100, 100, 100),
(180, 'PT-SEI', 'SUELA EIMY', 40, 'EXPANSO', 100, 100, 100),
(181, 'PT-SEL', 'SUELA ELECTRA', 34, 'PVC', 100, 100, 100),
(182, 'PT-SEL', 'SUELA ELECTRA', 35, 'PVC', 100, 100, 100),
(183, 'PT-SEL', 'SUELA ELECTRA', 36, 'PVC', 100, 100, 100),
(184, 'PT-SEL', 'SUELA ELECTRA', 37, 'PVC', 100, 100, 100),
(185, 'PT-SEL', 'SUELA ELECTRA', 38, 'PVC', 100, 100, 100),
(186, 'PT-SEL', 'SUELA ELECTRA', 39, 'PVC', 100, 100, 100),
(187, 'PT-SEL', 'SUELA ELECTRA', 40, 'PVC', 100, 100, 100),
(188, 'PT-SEL', 'SUELA ELECTRA', 41, 'PVC', 100, 100, 100),
(189, 'PT-SEL', 'SUELA ELECTRA', 42, 'PVC', 100, 100, 100),
(190, 'PT-SEL', 'SUELA ELECTRA', 43, 'PVC', 100, 100, 100),
(191, 'PT-SELG', 'SUELA ELITE GRANDE', 34, 'EXPANSO', 100, 100, 100),
(192, 'PT-SELG', 'SUELA ELITE GRANDE', 35, 'EXPANSO', 100, 100, 100),
(193, 'PT-SELG', 'SUELA ELITE GRANDE', 36, 'EXPANSO', 100, 100, 100),
(194, 'PT-SELG', 'SUELA ELITE GRANDE', 37, 'EXPANSO', 100, 100, 100),
(195, 'PT-SELG', 'SUELA ELITE GRANDE', 38, 'EXPANSO', 100, 100, 100),
(196, 'PT-SELG', 'SUELA ELITE GRANDE', 39, 'EXPANSO', 100, 100, 100),
(197, 'PT-SELG', 'SUELA ELITE GRANDE', 40, 'EXPANSO', 100, 100, 100),
(198, 'PT-SELG', 'SUELA ELITE GRANDE', 41, 'EXPANSO', 100, 100, 100),
(199, 'PT-SELG', 'SUELA ELITE GRANDE', 42, 'EXPANSO', 100, 100, 100),
(200, 'PT-SELM', 'SUELA ELITE MED', 27, 'EXPANSO', 100, 100, 100),
(201, 'PT-SELM', 'SUELA ELITE MED', 28, 'EXPANSO', 100, 100, 100),
(202, 'PT-SELM', 'SUELA ELITE MED', 29, 'EXPANSO', 100, 100, 100),
(203, 'PT-SELM', 'SUELA ELITE MED', 30, 'EXPANSO', 100, 100, 100),
(204, 'PT-SELM', 'SUELA ELITE MED', 31, 'EXPANSO', 100, 100, 100),
(205, 'PT-SELM', 'SUELA ELITE MED', 32, 'EXPANSO', 100, 100, 100),
(206, 'PT-SELM', 'SUELA ELITE MED', 33, 'EXPANSO', 100, 100, 100),
(207, 'PT-SELBB', 'SUELA ELSA BEBE', 16, 'PVC', 100, 100, 100),
(208, 'PT-SELBB', 'SUELA ELSA BEBE', 17, 'PVC', 100, 100, 100),
(209, 'PT-SELBB', 'SUELA ELSA BEBE', 18, 'PVC', 100, 100, 100),
(210, 'PT-SELBB', 'SUELA ELSA BEBE', 19, 'PVC', 100, 100, 100),
(211, 'PT-SELBB', 'SUELA ELSA BEBE', 20, 'PVC', 100, 100, 100),
(212, 'PT-SELCS', 'SUELA ELSA CON SILVATRIM', 34, 'PVC', 100, 100, 100),
(213, 'PT-SELCS', 'SUELA ELSA CON SILVATRIM', 35, 'PVC', 100, 100, 100),
(214, 'PT-SELCS', 'SUELA ELSA CON SILVATRIM', 36, 'PVC', 100, 100, 100),
(215, 'PT-SELCS', 'SUELA ELSA CON SILVATRIM', 37, 'PVC', 100, 100, 100),
(216, 'PT-SELCS', 'SUELA ELSA CON SILVATRIM', 38, 'PVC', 100, 100, 100),
(217, 'PT-SELCS', 'SUELA ELSA CON SILVATRIM', 39, 'PVC', 100, 100, 100),
(218, 'PT-SELCS', 'SUELA ELSA CON SILVATRIM', 40, 'PVC', 100, 100, 100),
(219, 'PT-SELGR', 'SUELA ELSA GRANDE', 34, 'PVC', 100, 100, 100),
(220, 'PT-SELGR', 'SUELA ELSA GRANDE', 35, 'PVC', 100, 100, 100),
(221, 'PT-SELGR', 'SUELA ELSA GRANDE', 36, 'PVC', 100, 100, 100),
(222, 'PT-SELGR', 'SUELA ELSA GRANDE', 37, 'PVC', 100, 100, 100),
(223, 'PT-SELGR', 'SUELA ELSA GRANDE', 38, 'PVC', 100, 100, 100),
(224, 'PT-SELGR', 'SUELA ELSA GRANDE', 39, 'PVC', 100, 100, 100),
(225, 'PT-SELGR', 'SUELA ELSA GRANDE', 40, 'PVC', 100, 100, 100),
(226, 'PT-SELME', 'SUELA ELSA MEDIANA', 27, 'PVC', 100, 100, 100),
(227, 'PT-SELME', 'SUELA ELSA MEDIANA', 28, 'PVC', 100, 100, 100),
(228, 'PT-SELME', 'SUELA ELSA MEDIANA', 29, 'PVC', 100, 100, 100),
(229, 'PT-SELME', 'SUELA ELSA MEDIANA', 30, 'PVC', 100, 100, 100),
(230, 'PT-SELME', 'SUELA ELSA MEDIANA', 31, 'PVC', 100, 100, 100),
(231, 'PT-SELME', 'SUELA ELSA MEDIANA', 32, 'PVC', 100, 100, 100),
(232, 'PT-SELME', 'SUELA ELSA MEDIANA', 33, 'PVC', 100, 100, 100),
(233, 'PT-SELPE', 'SUELA ELSA PEQUEÑA', 21, 'PVC', 100, 100, 100),
(234, 'PT-SELPE', 'SUELA ELSA PEQUEÑA', 22, 'PVC', 100, 100, 100),
(235, 'PT-SELPE', 'SUELA ELSA PEQUEÑA', 23, 'PVC', 100, 100, 100),
(236, 'PT-SELPE', 'SUELA ELSA PEQUEÑA', 24, 'PVC', 100, 100, 100),
(237, 'PT-SELPE', 'SUELA ELSA PEQUEÑA', 25, 'PVC', 100, 100, 100),
(238, 'PT-SELPE', 'SUELA ELSA PEQUEÑA', 26, 'PVC', 100, 100, 100),
(239, 'PT-SEMMA', 'SUELA EMMA CON VIRA', 34, 'EXPANSO', 100, 100, 100),
(240, 'PT-SEMMA', 'SUELA EMMA CON VIRA', 35, 'EXPANSO', 100, 100, 100),
(241, 'PT-SEMMA', 'SUELA EMMA CON VIRA', 36, 'EXPANSO', 100, 100, 100),
(242, 'PT-SEMMA', 'SUELA EMMA CON VIRA', 37, 'EXPANSO', 100, 100, 100),
(243, 'PT-SEMMA', 'SUELA EMMA CON VIRA', 38, 'EXPANSO', 100, 100, 100),
(244, 'PT-SEMMA', 'SUELA EMMA CON VIRA', 39, 'EXPANSO', 100, 100, 100),
(245, 'PT-SEMMA', 'SUELA EMMA CON VIRA', 40, 'EXPANSO', 100, 100, 100),
(246, 'PT-SEMMA', 'SUELA EMMA GRANDE', 34, 'EXPANSO', 100, 100, 100),
(247, 'PT-SEMMA', 'SUELA EMMA GRANDE', 35, 'EXPANSO', 100, 100, 100),
(248, 'PT-SEMMA', 'SUELA EMMA GRANDE', 36, 'EXPANSO', 100, 100, 100),
(249, 'PT-SEMMA', 'SUELA EMMA GRANDE', 37, 'EXPANSO', 100, 100, 100),
(250, 'PT-SEMMA', 'SUELA EMMA GRANDE', 38, 'EXPANSO', 100, 100, 100),
(251, 'PT-SEMMA', 'SUELA EMMA GRANDE', 39, 'EXPANSO', 100, 100, 100),
(252, 'PT-SEMMA', 'SUELA EMMA GRANDE', 40, 'EXPANSO', 100, 100, 100),
(253, 'PT-SEP', 'SUELA EPIC', 34, 'EXPANSO', 100, 100, 100),
(254, 'PT-SEP', 'SUELA EPIC', 35, 'EXPANSO', 100, 100, 100),
(255, 'PT-SEP', 'SUELA EPIC', 36, 'EXPANSO', 100, 100, 100),
(256, 'PT-SEP', 'SUELA EPIC', 37, 'EXPANSO', 100, 100, 100),
(257, 'PT-SEP', 'SUELA EPIC', 38, 'EXPANSO', 100, 100, 100),
(258, 'PT-SEP', 'SUELA EPIC', 39, 'EXPANSO', 100, 100, 100),
(259, 'PT-SEP', 'SUELA EPIC', 40, 'EXPANSO', 100, 100, 100),
(260, 'PT-SEP', 'SUELA EPIC', 41, 'EXPANSO', 100, 100, 100),
(261, 'PT-SEP', 'SUELA EPIC', 42, 'EXPANSO', 100, 100, 100),
(262, 'PT-SFE', 'SUELA FELICIANA', 34, 'EXPANSO', 100, 100, 100),
(263, 'PT-SFE', 'SUELA FELICIANA', 35, 'EXPANSO', 100, 100, 100),
(264, 'PT-SFE', 'SUELA FELICIANA', 36, 'EXPANSO', 100, 100, 100),
(265, 'PT-SFE', 'SUELA FELICIANA', 37, 'EXPANSO', 100, 100, 100),
(266, 'PT-SFE', 'SUELA FELICIANA', 38, 'EXPANSO', 100, 100, 100),
(267, 'PT-SFE', 'SUELA FELICIANA', 39, 'EXPANSO', 100, 100, 100),
(268, 'PT-SFE', 'SUELA FELICIANA', 40, 'EXPANSO', 100, 100, 100),
(269, 'PT-SFEN', 'SUELA FENDY', 37, 'EXPANSO', 100, 100, 100),
(270, 'PT-SFEN', 'SUELA FENDY', 38, 'EXPANSO', 100, 100, 100),
(271, 'PT-SFEN', 'SUELA FENDY', 39, 'EXPANSO', 100, 100, 100),
(272, 'PT-SFEN', 'SUELA FENDY', 40, 'EXPANSO', 100, 100, 100),
(273, 'PT-SFEN', 'SUELA FENDY', 41, 'EXPANSO', 100, 100, 100),
(274, 'PT-SFEN', 'SUELA FENDY', 42, 'EXPANSO', 100, 100, 100),
(275, 'PT-SFLD', 'SUELA FLOWER DAMA', 34, 'EXPANSO', 100, 100, 100),
(276, 'PT-SFLD', 'SUELA FLOWER DAMA', 35, 'EXPANSO', 100, 100, 100),
(277, 'PT-SFLD', 'SUELA FLOWER DAMA', 36, 'EXPANSO', 100, 100, 100),
(278, 'PT-SFLD', 'SUELA FLOWER DAMA', 37, 'EXPANSO', 100, 100, 100),
(279, 'PT-SFLD', 'SUELA FLOWER DAMA', 38, 'EXPANSO', 100, 100, 100),
(280, 'PT-SFLD', 'SUELA FLOWER DAMA', 39, 'EXPANSO', 100, 100, 100),
(281, 'PT-SFLD', 'SUELA FLOWER DAMA', 40, 'EXPANSO', 100, 100, 100),
(282, 'PT-SFLM', 'SUELA FLOWER MEDIANA', 27, 'EXPANSO', 100, 100, 100),
(283, 'PT-SFLM', 'SUELA FLOWER MEDIANA', 28, 'EXPANSO', 100, 100, 100),
(284, 'PT-SFLM', 'SUELA FLOWER MEDIANA', 29, 'EXPANSO', 100, 100, 100),
(285, 'PT-SFLM', 'SUELA FLOWER MEDIANA', 30, 'EXPANSO', 100, 100, 100),
(286, 'PT-SFLM', 'SUELA FLOWER MEDIANA', 31, 'EXPANSO', 100, 100, 100),
(287, 'PT-SFLM', 'SUELA FLOWER MEDIANA', 32, 'EXPANSO', 100, 100, 100),
(288, 'PT-SFLM', 'SUELA FLOWER MEDIANA', 33, 'EXPANSO', 100, 100, 100),
(289, 'PT-SFLP', 'SUELA FLOWER PEQUEÑA', 21, 'EXPANSO', 100, 100, 100),
(290, 'PT-SFLP', 'SUELA FLOWER PEQUEÑA', 22, 'EXPANSO', 100, 100, 100),
(291, 'PT-SFLP', 'SUELA FLOWER PEQUEÑA', 23, 'EXPANSO', 100, 100, 100),
(292, 'PT-SFLP', 'SUELA FLOWER PEQUEÑA', 24, 'EXPANSO', 100, 100, 100),
(293, 'PT-SFLP', 'SUELA FLOWER PEQUEÑA', 25, 'EXPANSO', 100, 100, 100),
(294, 'PT-SFLP', 'SUELA FLOWER PEQUEÑA', 26, 'EXPANSO', 100, 100, 100),
(295, 'PT-FREEBINH', 'SUELA FREE BINUMERO HOMBRE', 3738, 'EXPANSO', 100, 100, 100),
(296, 'PT-FREEBINH', 'SUELA FREE BINUMERO HOMBRE', 3940, 'EXPANSO', 100, 100, 100),
(297, 'PT-FREEBINH', 'SUELA FREE BINUMERO HOMBRE', 4142, 'EXPANSO', 100, 100, 100),
(298, 'PT-FREEBINJ', 'SUELA FREE BINUMERO JUVENIL', 3334, 'EXPANSO', 100, 100, 100),
(299, 'PT-FREEBINJ', 'SUELA FREE BINUMERO JUVENIL', 3536, 'EXPANSO', 100, 100, 100),
(300, 'PT-SGA', 'SUELA GABANNA', 34, 'EXPANSO', 100, 100, 100),
(301, 'PT-SGA', 'SUELA GABANNA', 35, 'EXPANSO', 100, 100, 100),
(302, 'PT-SGA', 'SUELA GABANNA', 36, 'EXPANSO', 100, 100, 100),
(303, 'PT-SGA', 'SUELA GABANNA', 37, 'EXPANSO', 100, 100, 100),
(304, 'PT-SGA', 'SUELA GABANNA', 38, 'EXPANSO', 100, 100, 100),
(305, 'PT-SGA', 'SUELA GABANNA', 39, 'EXPANSO', 100, 100, 100),
(306, 'PT-SGA', 'SUELA GABANNA', 40, 'EXPANSO', 100, 100, 100),
(307, 'PT-SGA', 'SUELA GABANNA', 41, 'EXPANSO', 100, 100, 100),
(308, 'PT-SGA', 'SUELA GABANNA', 42, 'EXPANSO', 100, 100, 100),
(309, 'PT-SGA', 'SUELA GABANNA', 43, 'EXPANSO', 100, 100, 100),
(310, 'PT-SGI', 'SUELA GINA', 34, 'EXPANSO', 100, 100, 100),
(311, 'PT-SGI', 'SUELA GINA', 35, 'EXPANSO', 100, 100, 100),
(312, 'PT-SGI', 'SUELA GINA', 36, 'EXPANSO', 100, 100, 100),
(313, 'PT-SGI', 'SUELA GINA', 37, 'EXPANSO', 100, 100, 100),
(314, 'PT-SGI', 'SUELA GINA', 38, 'EXPANSO', 100, 100, 100),
(315, 'PT-SGI', 'SUELA GINA', 39, 'EXPANSO', 100, 100, 100),
(316, 'PT-SGI', 'SUELA GINA', 40, 'EXPANSO', 100, 100, 100),
(317, 'PT-SHUNG', 'SUELA HUNGRY GRANDE', 34, 'EXPANSO', 100, 100, 100),
(318, 'PT-SHUNG', 'SUELA HUNGRY GRANDE', 35, 'EXPANSO', 100, 100, 100),
(319, 'PT-SHUNG', 'SUELA HUNGRY GRANDE', 36, 'EXPANSO', 100, 100, 100),
(320, 'PT-SHUNG', 'SUELA HUNGRY GRANDE', 37, 'EXPANSO', 100, 100, 100),
(321, 'PT-SHUNG', 'SUELA HUNGRY GRANDE', 38, 'EXPANSO', 100, 100, 100),
(322, 'PT-SHUNG', 'SUELA HUNGRY GRANDE', 39, 'EXPANSO', 100, 100, 100),
(323, 'PT-SHUNG', 'SUELA HUNGRY GRANDE', 40, 'EXPANSO', 100, 100, 100),
(324, 'PT-SIR', 'SUELA IRIS', 34, 'PVC', 100, 100, 100),
(325, 'PT-SIR', 'SUELA IRIS', 35, 'PVC', 100, 100, 100),
(326, 'PT-SIR', 'SUELA IRIS', 36, 'PVC', 100, 100, 100),
(327, 'PT-SIR', 'SUELA IRIS', 37, 'PVC', 100, 100, 100),
(328, 'PT-SIR', 'SUELA IRIS', 38, 'PVC', 100, 100, 100),
(329, 'PT-SIR', 'SUELA IRIS', 39, 'PVC', 100, 100, 100),
(330, 'PT-SIR', 'SUELA IRIS', 40, 'PVC', 100, 100, 100),
(331, 'PT-SKA', 'SUELA KARLA', 34, 'EXPANSO', 100, 100, 100),
(332, 'PT-SKA', 'SUELA KARLA', 35, 'EXPANSO', 100, 100, 100),
(333, 'PT-SKA', 'SUELA KARLA', 36, 'EXPANSO', 100, 100, 100),
(334, 'PT-SKA', 'SUELA KARLA', 37, 'EXPANSO', 100, 100, 100),
(335, 'PT-SKA', 'SUELA KARLA', 38, 'EXPANSO', 100, 100, 100),
(336, 'PT-SKA', 'SUELA KARLA', 39, 'EXPANSO', 100, 100, 100),
(337, 'PT-SKA', 'SUELA KARLA', 40, 'EXPANSO', 100, 100, 100),
(338, 'PT-SKAD', 'SUELA KARLA DEPORTIVA', 34, 'EXPANSO', 100, 100, 100),
(339, 'PT-SKAD', 'SUELA KARLA DEPORTIVA', 35, 'EXPANSO', 100, 100, 100),
(340, 'PT-SKAD', 'SUELA KARLA DEPORTIVA', 36, 'EXPANSO', 100, 100, 100),
(341, 'PT-SKAD', 'SUELA KARLA DEPORTIVA', 37, 'EXPANSO', 100, 100, 100),
(342, 'PT-SKAD', 'SUELA KARLA DEPORTIVA', 38, 'EXPANSO', 100, 100, 100),
(343, 'PT-SKAD', 'SUELA KARLA DEPORTIVA', 39, 'EXPANSO', 100, 100, 100),
(344, 'PT-SKAD', 'SUELA KARLA DEPORTIVA', 40, 'EXPANSO', 100, 100, 100),
(345, 'PT-SKG', 'SUELA KAROL G', 34, 'EXPANSO', 100, 100, 100),
(346, 'PT-SKG', 'SUELA KAROL G', 35, 'EXPANSO', 100, 100, 100),
(347, 'PT-SKG', 'SUELA KAROL G', 36, 'EXPANSO', 100, 100, 100),
(348, 'PT-SKG', 'SUELA KAROL G', 37, 'EXPANSO', 100, 100, 100),
(349, 'PT-SKG', 'SUELA KAROL G', 38, 'EXPANSO', 100, 100, 100),
(350, 'PT-SKG', 'SUELA KAROL G', 39, 'EXPANSO', 100, 100, 100),
(351, 'PT-SKG', 'SUELA KAROL G', 40, 'EXPANSO', 100, 100, 100),
(352, 'PT-SKATAR', 'SUELA KATAR GRANDE', 34, 'EXPANSO', 100, 100, 100),
(353, 'PT-SKATAR', 'SUELA KATAR GRANDE', 35, 'EXPANSO', 100, 100, 100),
(354, 'PT-SKATAR', 'SUELA KATAR GRANDE', 36, 'EXPANSO', 100, 100, 100),
(355, 'PT-SKATAR', 'SUELA KATAR GRANDE', 37, 'EXPANSO', 100, 100, 100),
(356, 'PT-SKATAR', 'SUELA KATAR GRANDE', 38, 'EXPANSO', 100, 100, 100),
(357, 'PT-SKATAR', 'SUELA KATAR GRANDE', 39, 'EXPANSO', 100, 100, 100),
(358, 'PT-SKATAR', 'SUELA KATAR GRANDE', 40, 'EXPANSO', 100, 100, 100),
(359, 'PT-SKEPU', 'SUELA KELLY', 34, 'EXPANSO', 100, 100, 100),
(360, 'PT-SKEPU', 'SUELA KELLY', 35, 'EXPANSO', 100, 100, 100),
(361, 'PT-SKEPU', 'SUELA KELLY', 36, 'EXPANSO', 100, 100, 100),
(362, 'PT-SKEPU', 'SUELA KELLY', 37, 'EXPANSO', 100, 100, 100),
(363, 'PT-SKEPU', 'SUELA KELLY', 38, 'EXPANSO', 100, 100, 100),
(364, 'PT-SKEPU', 'SUELA KELLY', 39, 'EXPANSO', 100, 100, 100),
(365, 'PT-SKEPU', 'SUELA KELLY', 40, 'EXPANSO', 100, 100, 100),
(366, 'PT-KIKY', 'SUELA KIKYS', 27, 'EXPANSO', 100, 100, 100),
(367, 'PT-KIKY', 'SUELA KIKYS', 28, 'EXPANSO', 100, 100, 100),
(368, 'PT-KIKY', 'SUELA KIKYS', 29, 'EXPANSO', 100, 100, 100),
(369, 'PT-KIKY', 'SUELA KIKYS', 30, 'EXPANSO', 100, 100, 100),
(370, 'PT-KIKY', 'SUELA KIKYS', 31, 'EXPANSO', 100, 100, 100),
(371, 'PT-KIKY', 'SUELA KIKYS', 32, 'EXPANSO', 100, 100, 100),
(372, 'PT-KIKY', 'SUELA KIKYS', 33, 'EXPANSO', 100, 100, 100),
(373, 'PT-SKOAJ', 'SUELA KOAJ GRANDE', 37, 'EXPANSO', 100, 100, 100),
(374, 'PT-SKOAJ', 'SUELA KOAJ GRANDE', 38, 'EXPANSO', 100, 100, 100),
(375, 'PT-SKOAJ', 'SUELA KOAJ GRANDE', 39, 'EXPANSO', 100, 100, 100),
(376, 'PT-SKOAJ', 'SUELA KOAJ GRANDE', 40, 'EXPANSO', 100, 100, 100),
(377, 'PT-SKOAJ', 'SUELA KOAJ GRANDE', 41, 'EXPANSO', 100, 100, 100),
(378, 'PT-SKOAJ', 'SUELA KOAJ GRANDE', 42, 'EXPANSO', 100, 100, 100),
(379, 'PT-SKRD', 'SUELA KROSS DAMA', 34, 'EXPANSO', 100, 100, 100),
(380, 'PT-SKRD', 'SUELA KROSS DAMA', 35, 'EXPANSO', 100, 100, 100),
(381, 'PT-SKRD', 'SUELA KROSS DAMA', 36, 'EXPANSO', 100, 100, 100),
(382, 'PT-SKRD', 'SUELA KROSS DAMA', 37, 'EXPANSO', 100, 100, 100),
(383, 'PT-SKRD', 'SUELA KROSS DAMA', 38, 'EXPANSO', 100, 100, 100),
(384, 'PT-SKRD', 'SUELA KROSS DAMA', 39, 'EXPANSO', 100, 100, 100),
(385, 'PT-SKRD', 'SUELA KROSS DAMA', 40, 'EXPANSO', 100, 100, 100),
(386, 'PT-SKRN', 'SUELA KROSS NIÑA', 27, 'EXPANSO', 100, 100, 100),
(387, 'PT-SKRN', 'SUELA KROSS NIÑA', 28, 'EXPANSO', 100, 100, 100),
(388, 'PT-SKRN', 'SUELA KROSS NIÑA', 29, 'EXPANSO', 100, 100, 100),
(389, 'PT-SKRN', 'SUELA KROSS NIÑA', 30, 'EXPANSO', 100, 100, 100),
(390, 'PT-SKRN', 'SUELA KROSS NIÑA', 31, 'EXPANSO', 100, 100, 100),
(391, 'PT-SKRN', 'SUELA KROSS NIÑA', 32, 'EXPANSO', 100, 100, 100),
(392, 'PT-SKRN', 'SUELA KROSS NIÑA', 33, 'EXPANSO', 100, 100, 100),
(393, 'PT-SLAPU', 'SUELA LAURA', 34, 'EXPANSO', 100, 100, 100),
(394, 'PT-SLAPU', 'SUELA LAURA', 35, 'EXPANSO', 100, 100, 100),
(395, 'PT-SLAPU', 'SUELA LAURA', 36, 'EXPANSO', 100, 100, 100),
(396, 'PT-SLAPU', 'SUELA LAURA', 37, 'EXPANSO', 100, 100, 100),
(397, 'PT-SLAPU', 'SUELA LAURA', 38, 'EXPANSO', 100, 100, 100),
(398, 'PT-SLAPU', 'SUELA LAURA', 39, 'EXPANSO', 100, 100, 100),
(399, 'PT-SLAPU', 'SUELA LAURA', 40, 'EXPANSO', 100, 100, 100),
(400, 'PT-SLAURA', 'SUELA LAURA GR', 34, 'EXPANSO', 100, 100, 100),
(401, 'PT-SLAURA', 'SUELA LAURA GR', 35, 'EXPANSO', 100, 100, 100),
(402, 'PT-SLAURA', 'SUELA LAURA GR', 36, 'EXPANSO', 100, 100, 100),
(403, 'PT-SLAURA', 'SUELA LAURA GR', 37, 'EXPANSO', 100, 100, 100),
(404, 'PT-SLAURA', 'SUELA LAURA GR', 38, 'EXPANSO', 100, 100, 100),
(405, 'PT-SLAURA', 'SUELA LAURA GR', 39, 'EXPANSO', 100, 100, 100),
(406, 'PT-SLAURA', 'SUELA LAURA GR', 40, 'EXPANSO', 100, 100, 100),
(407, 'PT-SLIGR', 'SUELA LINDA GRANDE', 34, 'PVC', 100, 100, 100),
(408, 'PT-SLIGR', 'SUELA LINDA GRANDE', 35, 'PVC', 100, 100, 100),
(409, 'PT-SLIGR', 'SUELA LINDA GRANDE', 36, 'PVC', 100, 100, 100),
(410, 'PT-SLIGR', 'SUELA LINDA GRANDE', 37, 'PVC', 100, 100, 100),
(411, 'PT-SLIGR', 'SUELA LINDA GRANDE', 38, 'PVC', 100, 100, 100),
(412, 'PT-SLIGR', 'SUELA LINDA GRANDE', 39, 'PVC', 100, 100, 100),
(413, 'PT-SLIGR', 'SUELA LINDA GRANDE', 40, 'PVC', 100, 100, 100),
(414, 'PT-SLIME', 'SUELA LINDA MEDIANA', 27, 'PVC', 100, 100, 100),
(415, 'PT-SLIME', 'SUELA LINDA MEDIANA', 28, 'PVC', 100, 100, 100),
(416, 'PT-SLIME', 'SUELA LINDA MEDIANA', 29, 'PVC', 100, 100, 100),
(417, 'PT-SLIME', 'SUELA LINDA MEDIANA', 30, 'PVC', 100, 100, 100),
(418, 'PT-SLIME', 'SUELA LINDA MEDIANA', 31, 'PVC', 100, 100, 100),
(419, 'PT-SLIME', 'SUELA LINDA MEDIANA', 32, 'PVC', 100, 100, 100),
(420, 'PT-SLIME', 'SUELA LINDA MEDIANA', 33, 'PVC', 100, 100, 100),
(421, 'PT-SLIPE', 'SUELA LINDA PEQUEÑA', 21, 'PVC', 100, 100, 100),
(422, 'PT-SLIPE', 'SUELA LINDA PEQUEÑA', 22, 'PVC', 100, 100, 100),
(423, 'PT-SLIPE', 'SUELA LINDA PEQUEÑA', 23, 'PVC', 100, 100, 100),
(424, 'PT-SLIPE', 'SUELA LINDA PEQUEÑA', 24, 'PVC', 100, 100, 100),
(425, 'PT-SLIPE', 'SUELA LINDA PEQUEÑA', 25, 'PVC', 100, 100, 100),
(426, 'PT-SLIPE', 'SUELA LINDA PEQUEÑA', 26, 'PVC', 100, 100, 100),
(427, 'PT-SLIMESS', 'SUELA LINDA SIN SILVATRIM MEDIANA', 27, 'PVC', 100, 100, 100),
(428, 'PT-SLIMESS', 'SUELA LINDA SIN SILVATRIM MEDIANA', 28, 'PVC', 100, 100, 100),
(429, 'PT-SLIMESS', 'SUELA LINDA SIN SILVATRIM MEDIANA', 29, 'PVC', 100, 100, 100),
(430, 'PT-SLIMESS', 'SUELA LINDA SIN SILVATRIM MEDIANA', 30, 'PVC', 100, 100, 100),
(431, 'PT-SLIMESS', 'SUELA LINDA SIN SILVATRIM MEDIANA', 31, 'PVC', 100, 100, 100),
(432, 'PT-SLIMESS', 'SUELA LINDA SIN SILVATRIM MEDIANA', 32, 'PVC', 100, 100, 100),
(433, 'PT-SLIMESS', 'SUELA LINDA SIN SILVATRIM MEDIANA', 33, 'PVC', 100, 100, 100),
(434, 'PT-SLIPESS', 'SUELA LINDA SIN SILVATRIM PEQUEÑA', 21, 'PVC', 100, 100, 100),
(435, 'PT-SLIPESS', 'SUELA LINDA SIN SILVATRIM PPEQUEÑA', 22, 'PVC', 100, 100, 100),
(436, 'PT-SLIPESS', 'SUELA LINDA SIN SILVATRIM PEQUEÑA', 23, 'PVC', 100, 100, 100),
(437, 'PT-SLIPESS', 'SUELA LINDA SIN SILVATRIM PEQUEÑA', 24, 'PVC', 100, 100, 100),
(438, 'PT-SLIPESS', 'SUELA LINDA SIN SILVATRIM PEQUEÑA', 25, 'PVC', 100, 100, 100),
(439, 'PT-SLIPESS', 'SUELA LINDA SIN SILVATRIM PEQUEÑA', 26, 'PVC', 100, 100, 100),
(440, 'PT-SLIPU', 'SUELA LISS', 34, 'EXPANSO', 100, 100, 100),
(441, 'PT-SLIPU', 'SUELA LISS', 35, 'EXPANSO', 100, 100, 100),
(442, 'PT-SLIPU', 'SUELA LISS', 36, 'EXPANSO', 100, 100, 100),
(443, 'PT-SLIPU', 'SUELA LISS', 37, 'EXPANSO', 100, 100, 100),
(444, 'PT-SLIPU', 'SUELA LISS', 38, 'EXPANSO', 100, 100, 100),
(445, 'PT-SLIPU', 'SUELA LISS', 39, 'EXPANSO', 100, 100, 100),
(446, 'PT-SLIPU', 'SUELA LISS', 40, 'EXPANSO', 100, 100, 100),
(447, 'PT-SLITE', 'SUELA LITE GRANDE', 34, 'EXPANSO', 100, 100, 100),
(448, 'PT-SLITE', 'SUELA LITE GRANDE', 35, 'EXPANSO', 100, 100, 100),
(449, 'PT-SLITE', 'SUELA LITE GRANDE', 36, 'EXPANSO', 100, 100, 100),
(450, 'PT-SLITE', 'SUELA LITE GRANDE', 37, 'EXPANSO', 100, 100, 100),
(451, 'PT-SLITE', 'SUELA LITE GRANDE', 38, 'EXPANSO', 100, 100, 100),
(452, 'PT-SLITE', 'SUELA LITE GRANDE', 39, 'EXPANSO', 100, 100, 100),
(453, 'PT-SLITE', 'SUELA LITE GRANDE', 40, 'EXPANSO', 100, 100, 100),
(454, 'PT-SLO', 'SUELA LOVE', 34, 'EXPANSO', 100, 100, 100),
(455, 'PT-SLO', 'SUELA LOVE', 35, 'EXPANSO', 100, 100, 100),
(456, 'PT-SLO', 'SUELA LOVE', 36, 'EXPANSO', 100, 100, 100),
(457, 'PT-SLO', 'SUELA LOVE', 37, 'EXPANSO', 100, 100, 100),
(458, 'PT-SLO', 'SUELA LOVE', 38, 'EXPANSO', 100, 100, 100),
(459, 'PT-SLO', 'SUELA LOVE', 39, 'EXPANSO', 100, 100, 100),
(460, 'PT-SLO', 'SUELA LOVE', 40, 'EXPANSO', 100, 100, 100),
(461, 'PT-SLU', 'SUELA LUNA', 34, 'PVC', 100, 100, 100),
(462, 'PT-SLU', 'SUELA LUNA', 35, 'PVC', 100, 100, 100),
(463, 'PT-SLU', 'SUELA LUNA', 36, 'PVC', 100, 100, 100),
(464, 'PT-SLU', 'SUELA LUNA', 37, 'PVC', 100, 100, 100),
(465, 'PT-SLU', 'SUELA LUNA', 38, 'PVC', 100, 100, 100),
(466, 'PT-SLU', 'SUELA LUNA', 39, 'PVC', 100, 100, 100),
(467, 'PT-SLU', 'SUELA LUNA', 40, 'PVC', 100, 100, 100),
(468, 'PT-SMA', 'SUELA MACAO', 34, 'PVC', 100, 100, 100),
(469, 'PT-SMA', 'SUELA MACAO', 35, 'PVC', 100, 100, 100),
(470, 'PT-SMA', 'SUELA MACAO', 36, 'PVC', 100, 100, 100),
(471, 'PT-SMA', 'SUELA MACAO', 37, 'PVC', 100, 100, 100),
(472, 'PT-SMA', 'SUELA MACAO', 38, 'PVC', 100, 100, 100),
(473, 'PT-SMA', 'SUELA MACAO', 39, 'PVC', 100, 100, 100),
(474, 'PT-SMA', 'SUELA MACAO', 40, 'PVC', 100, 100, 100),
(475, 'PT-SMAD', 'SUELA MARIA D', 34, 'PVC', 100, 100, 100),
(476, 'PT-SMAD', 'SUELA MARIA D', 35, 'PVC', 100, 100, 100),
(477, 'PT-SMAD', 'SUELA MARIA D', 36, 'PVC', 100, 100, 100),
(478, 'PT-SMAD', 'SUELA MARIA D', 37, 'PVC', 100, 100, 100),
(479, 'PT-SMAD', 'SUELA MARIA D', 38, 'PVC', 100, 100, 100),
(480, 'PT-SMAD', 'SUELA MARIA D', 39, 'PVC', 100, 100, 100),
(481, 'PT-SMAD', 'SUELA MARIA D', 40, 'PVC', 100, 100, 100),
(482, 'PT-SMAR', 'SUELA MARIANA', 34, 'PVC', 100, 100, 100),
(483, 'PT-SMAR', 'SUELA MARIANA', 35, 'PVC', 100, 100, 100),
(484, 'PT-SMAR', 'SUELA MARIANA', 36, 'PVC', 100, 100, 100),
(485, 'PT-SMAR', 'SUELA MARIANA', 37, 'PVC', 100, 100, 100),
(486, 'PT-SMAR', 'SUELA MARIANA', 38, 'PVC', 100, 100, 100),
(487, 'PT-SMAR', 'SUELA MARIANA', 39, 'PVC', 100, 100, 100),
(488, 'PT-SMAR', 'SUELA MARIANA', 40, 'PVC', 100, 100, 100),
(489, 'PT-MARIELI', 'SUELA MARIELITA', 34, 'EXPANSO', 100, 100, 100),
(490, 'PT-MARIELI', 'SUELA MARIELITA', 35, 'EXPANSO', 100, 100, 100),
(491, 'PT-MARIELI', 'SUELA MARIELITA', 36, 'EXPANSO', 100, 100, 100),
(492, 'PT-MARIELI', 'SUELA MARIELITA', 37, 'EXPANSO', 100, 100, 100),
(493, 'PT-MARIELI', 'SUELA MARIELITA', 38, 'EXPANSO', 100, 100, 100),
(494, 'PT-MARIELI', 'SUELA MARIELITA', 39, 'EXPANSO', 100, 100, 100),
(495, 'PT-MARIELI', 'SUELA MARIELITA', 40, 'EXPANSO', 100, 100, 100),
(496, 'PT-SMI', 'SUELA MICHAEL BINUMERO', 36, 'EXPANSO', 100, 100, 100),
(497, 'PT-SMI', 'SUELA MICHAEL BINUMERO', 37, 'EXPANSO', 100, 100, 100),
(498, 'PT-SMI', 'SUELA MICHAEL BINUMERO', 40, 'EXPANSO', 100, 100, 100),
(499, 'PT-SMI', 'SUELA MICHAEL BINUMERO', 3435, 'EXPANSO', 100, 100, 100),
(500, 'PT-SMI', 'SUELA MICHAEL BINUMERO', 3839, 'EXPANSO', 100, 100, 100),
(501, 'PT-SMO', 'SUELA MONACO', 34, 'EXPANSO', 100, 100, 100),
(502, 'PT-SMO', 'SUELA MONACO', 35, 'EXPANSO', 100, 100, 100),
(503, 'PT-SMO', 'SUELA MONACO', 36, 'EXPANSO', 100, 100, 100),
(504, 'PT-SMO', 'SUELA MONACO', 37, 'EXPANSO', 100, 100, 100),
(505, 'PT-SMO', 'SUELA MONACO', 38, 'EXPANSO', 100, 100, 100),
(506, 'PT-SMO', 'SUELA MONACO', 39, 'EXPANSO', 100, 100, 100),
(507, 'PT-SMO', 'SUELA MONACO', 40, 'EXPANSO', 100, 100, 100),
(508, 'PT-SNAYUG', 'SUELA NAYU GR PVC', 34, 'PVC', 100, 100, 100),
(509, 'PT-SNAYUG', 'SUELA NAYU GR PVC', 35, 'PVC', 100, 100, 100),
(510, 'PT-SNAYUG', 'SUELA NAYU GR PVC', 36, 'PVC', 100, 100, 100),
(511, 'PT-SNAYUG', 'SUELA NAYU GR PVC', 37, 'PVC', 100, 100, 100),
(512, 'PT-SNAYUG', 'SUELA NAYU GR PVC', 38, 'PVC', 100, 100, 100),
(513, 'PT-SNAYUG', 'SUELA NAYU GR PVC', 39, 'PVC', 100, 100, 100),
(514, 'PT-SNAYUG', 'SUELA NAYU GR PVC', 40, 'PVC', 100, 100, 100),
(515, 'PT-SNAYUG', 'SUELA NAYU GRANDE', 34, 'EXPANSO', 100, 100, 100),
(516, 'PT-SNAYUG', 'SUELA NAYU GRANDE', 35, 'EXPANSO', 100, 100, 100),
(517, 'PT-SNAYUG', 'SUELA NAYU GRANDE', 36, 'EXPANSO', 100, 100, 100),
(518, 'PT-SNAYUG', 'SUELA NAYU GRANDE', 37, 'EXPANSO', 100, 100, 100),
(519, 'PT-SNAYUG', 'SUELA NAYU GRANDE', 38, 'EXPANSO', 100, 100, 100),
(520, 'PT-SNAYUG', 'SUELA NAYU GRANDE', 39, 'EXPANSO', 100, 100, 100),
(521, 'PT-SNAYUG', 'SUELA NAYU GRANDE', 40, 'EXPANSO', 100, 100, 100),
(522, 'PT-SNAYU', 'SUELA NAYU MED PVC', 27, 'PVC', 100, 100, 100),
(523, 'PT-SNAYU', 'SUELA NAYU MED PVC', 28, 'PVC', 100, 100, 100),
(524, 'PT-SNAYU', 'SUELA NAYU MED PVC', 29, 'PVC', 100, 100, 100),
(525, 'PT-SNAYU', 'SUELA NAYU MED PVC', 30, 'PVC', 100, 100, 100),
(526, 'PT-SNAYU', 'SUELA NAYU MED PVC', 31, 'PVC', 100, 100, 100),
(527, 'PT-SNAYU', 'SUELA NAYU MED PVC', 32, 'PVC', 100, 100, 100),
(528, 'PT-SNAYU', 'SUELA NAYU MED PVC', 33, 'PVC', 100, 100, 100),
(529, 'PT-SNAYU', 'SUELA NAYU MEDIANA', 27, 'EXPANSO', 100, 100, 100),
(530, 'PT-SNAYU', 'SUELA NAYU MEDIANA', 28, 'EXPANSO', 100, 100, 100),
(531, 'PT-SNAYU', 'SUELA NAYU MEDIANA', 29, 'EXPANSO', 100, 100, 100),
(532, 'PT-SNAYU', 'SUELA NAYU MEDIANA', 30, 'EXPANSO', 100, 100, 100),
(533, 'PT-SNAYU', 'SUELA NAYU MEDIANA', 31, 'EXPANSO', 100, 100, 100),
(534, 'PT-SNAYU', 'SUELA NAYU MEDIANA', 32, 'EXPANSO', 100, 100, 100),
(535, 'PT-SNAYU', 'SUELA NAYU MEDIANA', 33, 'EXPANSO', 100, 100, 100),
(536, 'PT-SNAEX', 'SUELA NAYUEX', 34, 'EXPANSO', 100, 100, 100),
(537, 'PT-SNAEX', 'SUELA NAYUEX', 35, 'EXPANSO', 100, 100, 100),
(538, 'PT-SNAEX', 'SUELA NAYUEX', 36, 'EXPANSO', 100, 100, 100),
(539, 'PT-SNAEX', 'SUELA NAYUEX', 37, 'EXPANSO', 100, 100, 100),
(540, 'PT-SNAEX', 'SUELA NAYUEX', 38, 'EXPANSO', 100, 100, 100),
(541, 'PT-SNAEX', 'SUELA NAYUEX', 39, 'EXPANSO', 100, 100, 100),
(542, 'PT-SNAEX', 'SUELA NAYUEX', 40, 'EXPANSO', 100, 100, 100),
(543, 'PT-SNEWB', 'SUELA NEW B', 34, 'EXPANSO', 100, 100, 100),
(544, 'PT-SNEWB', 'SUELA NEW B', 35, 'EXPANSO/PVC', 100, 100, 100),
(545, 'PT-SNEWB', 'SUELA NEW B', 36, 'EXPANSO/PVC', 100, 100, 100),
(546, 'PT-SNEWB', 'SUELA NEW B', 37, 'EXPANSO/PVC', 100, 100, 100),
(547, 'PT-SNEWB', 'SUELA NEW B', 38, 'EXPANSO/PVC', 100, 100, 100),
(548, 'PT-SNEWB', 'SUELA NEW B', 39, 'EXPANSO/PVC', 100, 100, 100),
(549, 'PT-SNEWB', 'SUELA NEW B', 40, 'EXPANSO/PVC', 100, 100, 100),
(550, 'PT-SNIPU', 'SUELA NICOLLE', 34, 'EXPANSO', 100, 100, 100),
(551, 'PT-SNIPU', 'SUELA NICOLLE', 35, 'EXPANSO', 100, 100, 100),
(552, 'PT-SNIPU', 'SUELA NICOLLE', 36, 'EXPANSO', 100, 100, 100),
(553, 'PT-SNIPU', 'SUELA NICOLLE', 37, 'EXPANSO', 100, 100, 100),
(554, 'PT-SNIPU', 'SUELA NICOLLE', 38, 'EXPANSO', 100, 100, 100),
(555, 'PT-SNIPU', 'SUELA NICOLLE', 39, 'EXPANSO', 100, 100, 100),
(556, 'PT-SNIPU', 'SUELA NICOLLE', 40, 'EXPANSO', 100, 100, 100),
(557, 'PT-SOR', 'SUELA ORLANDO', 37, 'EXPANSO', 100, 100, 100),
(558, 'PT-SOR', 'SUELA ORLANDO', 38, 'EXPANSO', 100, 100, 100),
(559, 'PT-SOR', 'SUELA ORLANDO', 39, 'EXPANSO', 100, 100, 100),
(560, 'PT-SOR', 'SUELA ORLANDO', 40, 'EXPANSO', 100, 100, 100),
(561, 'PT-SOR', 'SUELA ORLANDO', 41, 'EXPANSO', 100, 100, 100),
(562, 'PT-SOR', 'SUELA ORLANDO', 42, 'EXPANSO', 100, 100, 100),
(563, 'PT-SOR', 'SUELA ORLANDO', 43, 'EXPANSO', 100, 100, 100),
(564, 'PT-PEKIN', 'SUELA PEKIN', 34, 'EXPANSO', 100, 100, 100),
(565, 'PT-PEKIN', 'SUELA PEKIN', 35, 'EXPANSO', 100, 100, 100),
(566, 'PT-PEKIN', 'SUELA PEKIN', 36, 'EXPANSO', 100, 100, 100),
(567, 'PT-PEKIN', 'SUELA PEKIN', 37, 'EXPANSO', 100, 100, 100),
(568, 'PT-PEKIN', 'SUELA PEKIN', 38, 'EXPANSO', 100, 100, 100),
(569, 'PT-PEKIN', 'SUELA PEKIN', 39, 'EXPANSO', 100, 100, 100),
(570, 'PT-PEKIN', 'SUELA PEKIN', 40, 'EXPANSO', 100, 100, 100),
(571, 'PT-SPIGRSI', 'SUELA PILI CON SILVATRIM GRANDE', 34, 'PVC', 100, 100, 100),
(572, 'PT-SPIGRSI', 'SUELA PILI CON SILVATRIM GRANDE', 35, 'PVC', 100, 100, 100),
(573, 'PT-SPIGRSI', 'SUELA PILI CON SILVATRIM GRANDE', 36, 'PVC', 100, 100, 100),
(574, 'PT-SPIGRSI', 'SUELA PILI CON SILVATRIM GRANDE', 37, 'PVC', 100, 100, 100),
(575, 'PT-SPIGRSI', 'SUELA PILI CON SILVATRIM GRANDE', 38, 'PVC', 100, 100, 100),
(576, 'PT-SPIGRSI', 'SUELA PILI CON SILVATRIM GRANDE', 39, 'PVC', 100, 100, 100),
(577, 'PT-SPIGRSI', 'SUELA PILI CON SILVATRIM GRANDE', 40, 'PVC', 100, 100, 100),
(578, 'PT-SPIMESI', 'SUELA PILI CON SILVATRIM MEDIANA', 27, 'PVC', 100, 100, 100),
(579, 'PT-SPIMESI', 'SUELA PILI CON SILVATRIM MEDIANA', 28, 'PVC', 100, 100, 100),
(580, 'PT-SPIMESI', 'SUELA PILI CON SILVATRIM MEDIANA', 29, 'PVC', 100, 100, 100),
(581, 'PT-SPIMESI', 'SUELA PILI CON SILVATRIM MEDIANA', 30, 'PVC', 100, 100, 100),
(582, 'PT-SPIMESI', 'SUELA PILI CON SILVATRIM MEDIANA', 31, 'PVC', 100, 100, 100),
(583, 'PT-SPIMESI', 'SUELA PILI CON SILVATRIM MEDIANA', 32, 'PVC', 100, 100, 100),
(584, 'PT-SPIMESI', 'SUELA PILI CON SILVATRIM MEDIANA', 33, 'PVC', 100, 100, 100),
(585, 'PT-SPIGR', 'SUELA PILI GRANDE', 34, 'PVC', 100, 100, 100),
(586, 'PT-SPIGR', 'SUELA PILI GRANDE', 35, 'PVC', 100, 100, 100),
(587, 'PT-SPIGR', 'SUELA PILI GRANDE', 36, 'PVC', 100, 100, 100),
(588, 'PT-SPIGR', 'SUELA PILI GRANDE', 37, 'PVC', 100, 100, 100),
(589, 'PT-SPIGR', 'SUELA PILI GRANDE', 38, 'PVC', 100, 100, 100),
(590, 'PT-SPIGR', 'SUELA PILI GRANDE', 39, 'PVC', 100, 100, 100),
(591, 'PT-SPIGR', 'SUELA PILI GRANDE', 40, 'PVC', 100, 100, 100),
(592, 'PT-SPIME', 'SUELA PILI MEDIANA', 27, 'PVC', 100, 100, 100),
(593, 'PT-SPIME', 'SUELA PILI MEDIANA', 28, 'PVC', 100, 100, 100),
(594, 'PT-SPIME', 'SUELA PILI MEDIANA', 29, 'PVC', 100, 100, 100),
(595, 'PT-SPIME', 'SUELA PILI MEDIANA', 30, 'PVC', 100, 100, 100),
(596, 'PT-SPIME', 'SUELA PILI MEDIANA', 31, 'PVC', 100, 100, 100),
(597, 'PT-SPIME', 'SUELA PILI MEDIANA', 32, 'PVC', 100, 100, 100),
(598, 'PT-SPIME', 'SUELA PILI MEDIANA', 33, 'PVC', 100, 100, 100),
(599, 'PT-PLANBRAG', 'SUELA PLANTILLA BRAHAMA DAMA', 34, 'EXPANSO', 100, 100, 100),
(600, 'PT-PLANBRAG', 'SUELA PLANTILLA BRAHAMA DAMA', 35, 'EXPANSO', 100, 100, 100),
(601, 'PT-PLANBRAG', 'SUELA PLANTILLA BRAHAMA DAMA', 36, 'EXPANSO', 100, 100, 100),
(602, 'PT-PLANBRAG', 'SUELA PLANTILLA BRAHAMA DAMA', 37, 'EXPANSO', 100, 100, 100),
(603, 'PT-PLANBRAG', 'SUELA PLANTILLA BRAHAMA DAMA', 38, 'EXPANSO', 100, 100, 100),
(604, 'PT-PLANBRAG', 'SUELA PLANTILLA BRAHAMA DAMA', 39, 'EXPANSO', 100, 100, 100),
(605, 'PT-PLANBRAG', 'SUELA PLANTILLA BRAHAMA DAMA', 40, 'EXPANSO', 100, 100, 100),
(606, 'PT-PLANBRAM', 'SUELA PLANTILLA BRAHAMA NIÑA', 27, 'EXPANSO', 100, 100, 100),
(607, 'PT-PLANBRAM', 'SUELA PLANTILLA BRAHAMA NIÑA', 28, 'EXPANSO', 100, 100, 100),
(608, 'PT-PLANBRAM', 'SUELA PLANTILLA BRAHAMA NIÑA', 29, 'EXPANSO', 100, 100, 100),
(609, 'PT-PLANBRAM', 'SUELA PLANTILLA BRAHAMA NIÑA', 30, 'EXPANSO', 100, 100, 100),
(610, 'PT-PLANBRAM', 'SUELA PLANTILLA BRAHAMA NIÑA', 31, 'EXPANSO', 100, 100, 100),
(611, 'PT-PLANBRAM', 'SUELA PLANTILLA BRAHAMA NIÑA', 32, 'EXPANSO', 100, 100, 100),
(612, 'PT-PLANBRAM', 'SUELA PLANTILLA BRAHAMA NIÑA', 33, 'EXPANSO', 100, 100, 100),
(613, 'PT-SPR', 'SUELA PRADA CON VIRA', 34, 'EXPANSO', 100, 100, 100),
(614, 'PT-SPR', 'SUELA PRADA CON VIRA', 35, 'EXPANSO', 100, 100, 100),
(615, 'PT-SPR', 'SUELA PRADA CON VIRA', 36, 'EXPANSO', 100, 100, 100),
(616, 'PT-SPR', 'SUELA PRADA CON VIRA', 37, 'EXPANSO', 100, 100, 100),
(617, 'PT-SPR', 'SUELA PRADA CON VIRA', 38, 'EXPANSO', 100, 100, 100),
(618, 'PT-SPR', 'SUELA PRADA CON VIRA', 39, 'EXPANSO', 100, 100, 100),
(619, 'PT-SPR', 'SUELA PRADA CON VIRA', 40, 'EXPANSO', 100, 100, 100),
(620, 'PT-SPRS', 'SUELA PRADA SIN VIRA', 34, 'EXPANSO', 100, 100, 100),
(621, 'PT-SPRS', 'SUELA PRADA SIN VIRA', 35, 'EXPANSO', 100, 100, 100),
(622, 'PT-SPRS', 'SUELA PRADA SIN VIRA', 36, 'EXPANSO', 100, 100, 100),
(623, 'PT-SPRS', 'SUELA PRADA SIN VIRA', 37, 'EXPANSO', 100, 100, 100),
(624, 'PT-SPRS', 'SUELA PRADA SIN VIRA', 38, 'EXPANSO', 100, 100, 100),
(625, 'PT-SPRS', 'SUELA PRADA SIN VIRA', 39, 'EXPANSO', 100, 100, 100),
(626, 'PT-SPRS', 'SUELA PRADA SIN VIRA', 40, 'EXPANSO', 100, 100, 100),
(627, 'PT-SPUC', 'SUELA PUCA GR', 34, 'EXPANSO', 100, 100, 100),
(628, 'PT-SPUC', 'SUELA PUCA GR', 35, 'EXPANSO', 100, 100, 100),
(629, 'PT-SPUC', 'SUELA PUCA GR', 36, 'EXPANSO', 100, 100, 100),
(630, 'PT-SPUC', 'SUELA PUCA GR', 37, 'EXPANSO', 100, 100, 100),
(631, 'PT-SPUC', 'SUELA PUCA GR', 38, 'EXPANSO', 100, 100, 100),
(632, 'PT-SPUC', 'SUELA PUCA GR', 39, 'EXPANSO', 100, 100, 100),
(633, 'PT-SPUC', 'SUELA PUCA GR', 40, 'EXPANSO', 100, 100, 100),
(634, 'PT-SPUC', 'SUELA PUCA GR', 41, 'EXPANSO', 100, 100, 100),
(635, 'PT-SPUC', 'SUELA PUCA GR', 42, 'EXPANSO', 100, 100, 100),
(636, 'PT-SPUMD', 'SUELA PUMA DAMA', 34, 'EXPANSO', 100, 100, 100),
(637, 'PT-SPUMD', 'SUELA PUMA DAMA', 35, 'EXPANSO', 100, 100, 100),
(638, 'PT-SPUMD', 'SUELA PUMA DAMA', 36, 'EXPANSO', 100, 100, 100),
(639, 'PT-SPUMD', 'SUELA PUMA DAMA', 37, 'EXPANSO', 100, 100, 100),
(640, 'PT-SPUMD', 'SUELA PUMA DAMA', 38, 'EXPANSO', 100, 100, 100),
(641, 'PT-SPUMD', 'SUELA PUMA DAMA', 39, 'EXPANSO', 100, 100, 100),
(642, 'PT-SPUMD', 'SUELA PUMA DAMA', 40, 'EXPANSO', 100, 100, 100),
(643, 'PT-SRPG', 'SUELA REEBOK GRAN PVC', 34, 'EXPANSO', 100, 100, 100),
(644, 'PT-SRPG', 'SUELA REEBOK GRAN PVC', 35, 'EXPANSO', 100, 100, 100),
(645, 'PT-SRPG', 'SUELA REEBOK GRAN PVC', 36, 'EXPANSO', 100, 100, 100),
(646, 'PT-SRPG', 'SUELA REEBOK GRAN PVC', 37, 'EXPANSO', 100, 100, 100),
(647, 'PT-SRPG', 'SUELA REEBOK GRAN PVC', 38, 'EXPANSO', 100, 100, 100),
(648, 'PT-SRPG', 'SUELA REEBOK GRAN PVC', 39, 'EXPANSO', 100, 100, 100),
(649, 'PT-SRPG', 'SUELA REEBOK GRAN PVC', 40, 'EXPANSO', 100, 100, 100),
(650, 'PT-SRPM', 'SUELA REEBOK MED PVC', 27, 'EXPANSO', 100, 100, 100),
(651, 'PT-SRPM', 'SUELA REEBOK MED PVC', 28, 'EXPANSO', 100, 100, 100),
(652, 'PT-SRPM', 'SUELA REEBOK MED PVC', 29, 'EXPANSO', 100, 100, 100),
(653, 'PT-SRPM', 'SUELA REEBOK MED PVC', 30, 'EXPANSO', 100, 100, 100),
(654, 'PT-SRPM', 'SUELA REEBOK MED PVC', 31, 'EXPANSO', 100, 100, 100),
(655, 'PT-SRPM', 'SUELA REEBOK MED PVC', 32, 'EXPANSO', 100, 100, 100),
(656, 'PT-SRPM', 'SUELA REEBOK MED PVC', 33, 'EXPANSO', 100, 100, 100),
(657, 'PT-SRPM', 'SUELA REEBOK MED PVC', 34, 'EXPANSO', 100, 100, 100),
(658, 'PT-SRPP', 'SUELA REEBOK PEQ PVC', 21, 'EXPANSO', 100, 100, 100),
(659, 'PT-SRPP', 'SUELA REEBOK PEQ PVC', 22, 'EXPANSO', 100, 100, 100),
(660, 'PT-SRPP', 'SUELA REEBOK PEQ PVC', 23, 'EXPANSO', 100, 100, 100),
(661, 'PT-SRPP', 'SUELA REEBOK PEQ PVC', 24, 'EXPANSO', 100, 100, 100),
(662, 'PT-SRPP', 'SUELA REEBOK PEQ PVC', 25, 'EXPANSO', 100, 100, 100),
(663, 'PT-SRPP', 'SUELA REEBOK PEQ PVC', 26, 'EXPANSO', 100, 100, 100),
(664, 'PT-SREPP', 'SUELA REEBOK PINCESA PEQUEÑA', 21, 'EXPANSO', 100, 100, 100),
(665, 'PT-SREPP', 'SUELA REEBOK PINCESA PEQUEÑA', 22, 'EXPANSO', 100, 100, 100),
(666, 'PT-SREPP', 'SUELA REEBOK PINCESA PEQUEÑA', 23, 'EXPANSO', 100, 100, 100),
(667, 'PT-SREPP', 'SUELA REEBOK PINCESA PEQUEÑA', 24, 'EXPANSO', 100, 100, 100),
(668, 'PT-SREPP', 'SUELA REEBOK PINCESA PEQUEÑA', 25, 'EXPANSO', 100, 100, 100),
(669, 'PT-SREPP', 'SUELA REEBOK PINCESA PEQUEÑA', 26, 'EXPANSO', 100, 100, 100),
(670, 'PT-SREPG', 'SUELA REEBOK PRINCESA GRANDE', 34, 'EXPANSO', 100, 100, 100),
(671, 'PT-SREPG', 'SUELA REEBOK PRINCESA GRANDE', 35, 'EXPANSO', 100, 100, 100),
(672, 'PT-SREPG', 'SUELA REEBOK PRINCESA GRANDE', 36, 'EXPANSO', 100, 100, 100),
(673, 'PT-SREPG', 'SUELA REEBOK PRINCESA GRANDE', 37, 'EXPANSO', 100, 100, 100),
(674, 'PT-SREPG', 'SUELA REEBOK PRINCESA GRANDE', 38, 'EXPANSO', 100, 100, 100),
(675, 'PT-SREPG', 'SUELA REEBOK PRINCESA GRANDE', 39, 'EXPANSO', 100, 100, 100),
(676, 'PT-SREPG', 'SUELA REEBOK PRINCESA GRANDE', 40, 'EXPANSO', 100, 100, 100),
(677, 'PT-SREPM', 'SUELA REEBOK PRINCESA MEDIANA', 27, 'EXPANSO', 100, 100, 100),
(678, 'PT-SREPM', 'SUELA REEBOK PRINCESA MEDIANA', 28, 'EXPANSO', 100, 100, 100),
(679, 'PT-SREPM', 'SUELA REEBOK PRINCESA MEDIANA', 29, 'EXPANSO', 100, 100, 100),
(680, 'PT-SREPM', 'SUELA REEBOK PRINCESA MEDIANA', 30, 'EXPANSO', 100, 100, 100),
(681, 'PT-SREPM', 'SUELA REEBOK PRINCESA MEDIANA', 31, 'EXPANSO', 100, 100, 100),
(682, 'PT-SREPM', 'SUELA REEBOK PRINCESA MEDIANA', 32, 'EXPANSO', 100, 100, 100),
(683, 'PT-SREPM', 'SUELA REEBOK PRINCESA MEDIANA', 33, 'EXPANSO', 100, 100, 100),
(684, 'PT-SRENSI', 'SUELA RENATA CON SILVATRIM', 34, 'EXPANSO', 100, 100, 100),
(685, 'PT-SRENSI', 'SUELA RENATA CON SILVATRIM', 35, 'EXPANSO', 100, 100, 100),
(686, 'PT-SRENSI', 'SUELA RENATA CON SILVATRIM', 36, 'EXPANSO', 100, 100, 100),
(687, 'PT-SRENSI', 'SUELA RENATA CON SILVATRIM', 37, 'EXPANSO', 100, 100, 100),
(688, 'PT-SRENSI', 'SUELA RENATA CON SILVATRIM', 38, 'EXPANSO', 100, 100, 100),
(689, 'PT-SRENSI', 'SUELA RENATA CON SILVATRIM', 39, 'EXPANSO', 100, 100, 100),
(690, 'PT-SRENSI', 'SUELA RENATA CON SILVATRIM', 40, 'EXPANSO', 100, 100, 100),
(691, 'PT-SREN', 'SUELA RENATA SIN SILVATRIM', 34, 'EXPANSO', 100, 100, 100),
(692, 'PT-SREN', 'SUELA RENATA SIN SILVATRIM', 35, 'EXPANSO', 100, 100, 100),
(693, 'PT-SREN', 'SUELA RENATA SIN SILVATRIM', 36, 'EXPANSO', 100, 100, 100),
(694, 'PT-SREN', 'SUELA RENATA SIN SILVATRIM', 37, 'EXPANSO', 100, 100, 100),
(695, 'PT-SREN', 'SUELA RENATA SIN SILVATRIM', 38, 'EXPANSO', 100, 100, 100),
(696, 'PT-SREN', 'SUELA RENATA SIN SILVATRIM', 39, 'EXPANSO', 100, 100, 100),
(697, 'PT-SREN', 'SUELA RENATA SIN SILVATRIM', 40, 'EXPANSO', 100, 100, 100),
(698, 'PT-SRIP', 'SUELA RICHIE', 34, 'EXPANSO', 100, 100, 100),
(699, 'PT-SRIP', 'SUELA RICHIE', 35, 'EXPANSO', 100, 100, 100),
(700, 'PT-SRIP', 'SUELA RICHIE', 36, 'EXPANSO', 100, 100, 100),
(701, 'PT-SRIP', 'SUELA RICHIE', 37, 'EXPANSO', 100, 100, 100),
(702, 'PT-SRIP', 'SUELA RICHIE', 38, 'EXPANSO', 100, 100, 100),
(703, 'PT-SRIP', 'SUELA RICHIE', 39, 'EXPANSO', 100, 100, 100),
(704, 'PT-SRIP', 'SUELA RICHIE', 40, 'EXPANSO', 100, 100, 100),
(705, 'PT-SSALM', 'SUELA SALOME GRAND', 34, 'EXPANSO', 100, 100, 100),
(706, 'PT-SSALM', 'SUELA SALOME GRAND', 35, 'EXPANSO', 100, 100, 100),
(707, 'PT-SSALM', 'SUELA SALOME GRAND', 36, 'EXPANSO', 100, 100, 100),
(708, 'PT-SSALM', 'SUELA SALOME GRAND', 37, 'EXPANSO', 100, 100, 100),
(709, 'PT-SSALM', 'SUELA SALOME GRAND', 38, 'EXPANSO', 100, 100, 100),
(710, 'PT-SSALM', 'SUELA SALOME GRAND', 39, 'EXPANSO', 100, 100, 100),
(711, 'PT-SSALM', 'SUELA SALOME GRAND', 40, 'EXPANSO', 100, 100, 100),
(712, 'PT-SSA', 'SUELA SAMAYA', 34, 'PVC', 100, 100, 100),
(713, 'PT-SSA', 'SUELA SAMAYA', 35, 'PVC', 100, 100, 100),
(714, 'PT-SSA', 'SUELA SAMAYA', 36, 'PVC', 100, 100, 100),
(715, 'PT-SSA', 'SUELA SAMAYA', 37, 'PVC', 100, 100, 100),
(716, 'PT-SSA', 'SUELA SAMAYA', 38, 'PVC', 100, 100, 100),
(717, 'PT-SSA', 'SUELA SAMAYA', 39, 'PVC', 100, 100, 100),
(718, 'PT-SSA', 'SUELA SAMAYA', 40, 'PVC', 100, 100, 100),
(719, 'PT-SAPR', 'SUELA SAN PRADA CON VIRA', 34, 'EXPANSO', 100, 100, 100),
(720, 'PT-SAPR', 'SUELA SAN PRADA CON VIRA', 35, 'EXPANSO', 100, 100, 100),
(721, 'PT-SAPR', 'SUELA SAN PRADA CON VIRA', 36, 'EXPANSO', 100, 100, 100),
(722, 'PT-SAPR', 'SUELA SAN PRADA CON VIRA', 37, 'EXPANSO', 100, 100, 100),
(723, 'PT-SAPR', 'SUELA SAN PRADA CON VIRA', 38, 'EXPANSO', 100, 100, 100),
(724, 'PT-SAPR', 'SUELA SAN PRADA CON VIRA', 39, 'EXPANSO', 100, 100, 100),
(725, 'PT-SAPR', 'SUELA SAN PRADA CON VIRA', 40, 'EXPANSO', 100, 100, 100),
(726, 'PT-SAPR', 'SUELA SAN PRADA CON VIRA', 41, 'EXPANSO', 100, 100, 100),
(727, 'PT-SAPR', 'SUELA SAN PRADA CON VIRA', 42, 'EXPANSO', 100, 100, 100),
(728, 'PT-SAPRS', 'SUELA SAN PRDA SIN VIRA', 34, 'EXPANSO', 100, 100, 100),
(729, 'PT-SAPRS', 'SUELA SAN PRDA SIN VIRA', 35, 'EXPANSO', 100, 100, 100),
(730, 'PT-SAPRS', 'SUELA SAN PRDA SIN VIRA', 36, 'EXPANSO', 100, 100, 100),
(731, 'PT-SAPRS', 'SUELA SAN PRDA SIN VIRA', 37, 'EXPANSO', 100, 100, 100),
(732, 'PT-SAPRS', 'SUELA SAN PRDA SIN VIRA', 38, 'EXPANSO', 100, 100, 100),
(733, 'PT-SAPRS', 'SUELA SAN PRDA SIN VIRA', 39, 'EXPANSO', 100, 100, 100),
(734, 'PT-SAPRS', 'SUELA SAN PRDA SIN VIRA', 40, 'EXPANSO', 100, 100, 100),
(735, 'PT-SAPRS', 'SUELA SAN PRDA SIN VIRA', 41, 'EXPANSO', 100, 100, 100),
(736, 'PT-SAPRS', 'SUELA SAN PRDA SIN VIRA', 42, 'EXPANSO', 100, 100, 100),
(737, 'PT-SSCH', 'SUELA SCOLA HOMBRE', 37, 'EXPANSO', 100, 100, 100),
(738, 'PT-SSCH', 'SUELA SCOLA HOMBRE', 38, 'EXPANSO', 100, 100, 100),
(739, 'PT-SSCH', 'SUELA SCOLA HOMBRE', 39, 'EXPANSO', 100, 100, 100),
(740, 'PT-SSCH', 'SUELA SCOLA HOMBRE', 40, 'EXPANSO', 100, 100, 100),
(741, 'PT-SSCH', 'SUELA SCOLA HOMBRE', 41, 'EXPANSO', 100, 100, 100),
(742, 'PT-SSCH', 'SUELA SCOLA HOMBRE', 42, 'EXPANSO', 100, 100, 100),
(743, 'PT-SSCJ', 'SUELA SCOLA JUVENIL', 34, 'EXPANSO', 100, 100, 100),
(744, 'PT-SSCJ', 'SUELA SCOLA JUVENIL', 35, 'EXPANSO', 100, 100, 100),
(745, 'PT-SSCJ', 'SUELA SCOLA JUVENIL', 36, 'EXPANSO', 100, 100, 100),
(746, 'PT-SSCM', 'SUELA SCOLA MEDIANA', 27, 'EXPANSO', 100, 100, 100),
(747, 'PT-SSCM', 'SUELA SCOLA MEDIANA', 28, 'EXPANSO', 100, 100, 100),
(748, 'PT-SSCM', 'SUELA SCOLA MEDIANA', 29, 'EXPANSO', 100, 100, 100),
(749, 'PT-SSCM', 'SUELA SCOLA MEDIANA', 30, 'EXPANSO', 100, 100, 100),
(750, 'PT-SSCM', 'SUELA SCOLA MEDIANA', 31, 'EXPANSO', 100, 100, 100),
(751, 'PT-SSCM', 'SUELA SCOLA MEDIANA', 32, 'EXPANSO', 100, 100, 100),
(752, 'PT-SSCM', 'SUELA SCOLA MEDIANA', 33, 'EXPANSO', 100, 100, 100);
INSERT INTO `suelas` (`ID`, `REFERENCIA`, `MARCA`, `TALLA`, `MATERIAL`, `PESO_MAQUINA`, `PESO_IDEAL`, `CAP_EMPAQUETADO`) VALUES
(753, 'PT-SSCP', 'SUELA SCOLA PEQUEÑA', 21, 'EXPANSO', 100, 100, 100),
(754, 'PT-SSCP', 'SUELA SCOLA PEQUEÑA', 22, 'EXPANSO', 100, 100, 100),
(755, 'PT-SSCP', 'SUELA SCOLA PEQUEÑA', 23, 'EXPANSO', 100, 100, 100),
(756, 'PT-SSCP', 'SUELA SCOLA PEQUEÑA', 24, 'EXPANSO', 100, 100, 100),
(757, 'PT-SSCP', 'SUELA SCOLA PEQUEÑA', 25, 'EXPANSO', 100, 100, 100),
(758, 'PT-SSCP', 'SUELA SCOLA PEQUEÑA', 26, 'EXPANSO', 100, 100, 100),
(759, 'PT-SSH', 'SUELA SHARONI', 34, 'EXPANSO', 100, 100, 100),
(760, 'PT-SSH', 'SUELA SHARONI', 35, 'EXPANSO', 100, 100, 100),
(761, 'PT-SSH', 'SUELA SHARONI', 36, 'EXPANSO', 100, 100, 100),
(762, 'PT-SSH', 'SUELA SHARONI', 37, 'EXPANSO', 100, 100, 100),
(763, 'PT-SSH', 'SUELA SHARONI', 38, 'EXPANSO', 100, 100, 100),
(764, 'PT-SSH', 'SUELA SHARONI', 39, 'EXPANSO', 100, 100, 100),
(765, 'PT-SSH', 'SUELA SHARONI', 40, 'EXPANSO', 100, 100, 100),
(766, 'PT-SSK', 'SUELA SK GRANDE', 34, 'EXPANSO', 100, 100, 100),
(767, 'PT-SSK', 'SUELA SK GRANDE', 35, 'EXPANSO', 100, 100, 100),
(768, 'PT-SSK', 'SUELA SK GRANDE', 36, 'EXPANSO', 100, 100, 100),
(769, 'PT-SSK', 'SUELA SK GRANDE', 37, 'EXPANSO', 100, 100, 100),
(770, 'PT-SSK', 'SUELA SK GRANDE', 38, 'EXPANSO', 100, 100, 100),
(771, 'PT-SSK', 'SUELA SK GRANDE', 39, 'EXPANSO', 100, 100, 100),
(772, 'PT-SSK', 'SUELA SK GRANDE', 40, 'EXPANSO', 100, 100, 100),
(773, 'PT-SSKD', 'SUELA SKACHER DAMA', 34, 'EXPANSO', 100, 100, 100),
(774, 'PT-SSKD', 'SUELA SKACHER DAMA', 35, 'EXPANSO', 100, 100, 100),
(775, 'PT-SSKD', 'SUELA SKACHER DAMA', 36, 'EXPANSO', 100, 100, 100),
(776, 'PT-SSKD', 'SUELA SKACHER DAMA', 37, 'EXPANSO', 100, 100, 100),
(777, 'PT-SSKD', 'SUELA SKACHER DAMA', 38, 'EXPANSO', 100, 100, 100),
(778, 'PT-SSKD', 'SUELA SKACHER DAMA', 39, 'EXPANSO', 100, 100, 100),
(779, 'PT-SSKD', 'SUELA SKACHER DAMA', 40, 'EXPANSO', 100, 100, 100),
(780, 'PT-SSKN', 'SUELA SKACHER NIÑA', 27, 'EXPANSO', 100, 100, 100),
(781, 'PT-SSKN', 'SUELA SKACHER NIÑA', 28, 'EXPANSO', 100, 100, 100),
(782, 'PT-SSKN', 'SUELA SKACHER NIÑA', 29, 'EXPANSO', 100, 100, 100),
(783, 'PT-SSKN', 'SUELA SKACHER NIÑA', 30, 'EXPANSO', 100, 100, 100),
(784, 'PT-SSKN', 'SUELA SKACHER NIÑA', 31, 'EXPANSO', 100, 100, 100),
(785, 'PT-SSKN', 'SUELA SKACHER NIÑA', 32, 'EXPANSO', 100, 100, 100),
(786, 'PT-SSKN', 'SUELA SKACHER NIÑA', 33, 'EXPANSO', 100, 100, 100),
(787, 'PT-SSNEAK', 'SUELA SNEAKERS', 37, 'EXPANSO', 100, 100, 100),
(788, 'PT-SSNEAK', 'SUELA SNEAKERS', 38, 'EXPANSO', 100, 100, 100),
(789, 'PT-SSNEAK', 'SUELA SNEAKERS', 39, 'EXPANSO', 100, 100, 100),
(790, 'PT-SSNEAK', 'SUELA SNEAKERS', 40, 'EXPANSO', 100, 100, 100),
(791, 'PT-SSNEAK', 'SUELA SNEAKERS', 41, 'EXPANSO', 100, 100, 100),
(792, 'PT-SSNEAK', 'SUELA SNEAKERS', 42, 'EXPANSO', 100, 100, 100),
(793, 'PT-SSO', 'SUELA SOFIA', 34, 'PVC', 100, 100, 100),
(794, 'PT-SSO', 'SUELA SOFIA', 35, 'PVC', 100, 100, 100),
(795, 'PT-SSO', 'SUELA SOFIA', 36, 'PVC', 100, 100, 100),
(796, 'PT-SSO', 'SUELA SOFIA', 37, 'PVC', 100, 100, 100),
(797, 'PT-SSO', 'SUELA SOFIA', 38, 'PVC', 100, 100, 100),
(798, 'PT-SSO', 'SUELA SOFIA', 39, 'PVC', 100, 100, 100),
(799, 'PT-SSO', 'SUELA SOFIA', 40, 'PVC', 100, 100, 100),
(800, 'PT-SSPED', 'SUELA SPEED', 34, 'EXPANSO', 100, 100, 100),
(801, 'PT-SSPED', 'SUELA SPEED', 35, 'EXPANSO', 100, 100, 100),
(802, 'PT-SSPED', 'SUELA SPEED', 36, 'EXPANSO', 100, 100, 100),
(803, 'PT-SSPED', 'SUELA SPEED', 37, 'EXPANSO', 100, 100, 100),
(804, 'PT-SSPED', 'SUELA SPEED', 38, 'EXPANSO', 100, 100, 100),
(805, 'PT-SSPED', 'SUELA SPEED', 39, 'EXPANSO', 100, 100, 100),
(806, 'PT-SSPED', 'SUELA SPEED', 40, 'EXPANSO', 100, 100, 100),
(807, 'PT-SSPED', 'SUELA SPEED', 41, 'EXPANSO', 100, 100, 100),
(808, 'PT-SSPED', 'SUELA SPEED', 42, 'EXPANSO', 100, 100, 100),
(809, 'PT-SSPED', 'SUELA SPEED', 43, 'EXPANSO', 100, 100, 100),
(810, 'PT-SST', 'SUELA STEFANY', 34, 'PVC', 100, 100, 100),
(811, 'PT-SST', 'SUELA STEFANY', 35, 'PVC', 100, 100, 100),
(812, 'PT-SST', 'SUELA STEFANY', 36, 'PVC', 100, 100, 100),
(813, 'PT-SST', 'SUELA STEFANY', 37, 'PVC', 100, 100, 100),
(814, 'PT-SST', 'SUELA STEFANY', 38, 'PVC', 100, 100, 100),
(815, 'PT-SST', 'SUELA STEFANY', 39, 'PVC', 100, 100, 100),
(816, 'PT-SST', 'SUELA STEFANY', 40, 'PVC', 100, 100, 100),
(817, 'PT-SST', 'SUELA STEFANY', 41, 'PVC', 100, 100, 100),
(818, 'PT-SSTSI', 'SUELA STEFANY CON SILVATRIM', 34, 'PVC', 100, 100, 100),
(819, 'PT-SSTSI', 'SUELA STEFANY CON SILVATRIM', 35, 'PVC', 100, 100, 100),
(820, 'PT-SSTSI', 'SUELA STEFANY CON SILVATRIM', 36, 'PVC', 100, 100, 100),
(821, 'PT-SSTSI', 'SUELA STEFANY CON SILVATRIM', 37, 'PVC', 100, 100, 100),
(822, 'PT-SSTSI', 'SUELA STEFANY CON SILVATRIM', 38, 'PVC', 100, 100, 100),
(823, 'PT-SSTSI', 'SUELA STEFANY CON SILVATRIM', 39, 'PVC', 100, 100, 100),
(824, 'PT-SSTSI', 'SUELA STEFANY CON SILVATRIM', 40, 'PVC', 100, 100, 100),
(825, 'PT-SSTEV', 'SUELA STEVEN', 34, 'EXPANSO', 100, 100, 100),
(826, 'PT-SSTEV', 'SUELA STEVEN', 35, 'EXPANSO', 100, 100, 100),
(827, 'PT-SSTEV', 'SUELA STEVEN', 36, 'EXPANSO', 100, 100, 100),
(828, 'PT-SSTEV', 'SUELA STEVEN', 37, 'EXPANSO', 100, 100, 100),
(829, 'PT-SSTEV', 'SUELA STEVEN', 38, 'EXPANSO', 100, 100, 100),
(830, 'PT-SSTEV', 'SUELA STEVEN', 39, 'EXPANSO', 100, 100, 100),
(831, 'PT-SSTEV', 'SUELA STEVEN', 40, 'EXPANSO', 100, 100, 100),
(832, 'PT-SSWH', 'SUELA SWIFT HOMBRE', 37, 'EXPANSO', 100, 100, 100),
(833, 'PT-SSWH', 'SUELA SWIFT HOMBRE', 38, 'EXPANSO', 100, 100, 100),
(834, 'PT-SSWH', 'SUELA SWIFT HOMBRE', 39, 'EXPANSO', 100, 100, 100),
(835, 'PT-SSWH', 'SUELA SWIFT HOMBRE', 40, 'EXPANSO', 100, 100, 100),
(836, 'PT-SSWH', 'SUELA SWIFT HOMBRE', 41, 'EXPANSO', 100, 100, 100),
(837, 'PT-SSWH', 'SUELA SWIFT HOMBRE', 42, 'EXPANSO', 100, 100, 100),
(838, 'PT-SSWJ', 'SUELA SWIFT JUVENIL', 34, 'EXPANSO', 100, 100, 100),
(839, 'PT-SSWJ', 'SUELA SWIFT JUVENIL', 35, 'EXPANSO', 100, 100, 100),
(840, 'PT-SSWJ', 'SUELA SWIFT JUVENIL', 36, 'EXPANSO', 100, 100, 100),
(841, 'PT-SSWM', 'SUELA SWIFT MEDIANA', 27, 'EXPANSO', 100, 100, 100),
(842, 'PT-SSWM', 'SUELA SWIFT MEDIANA', 28, 'EXPANSO', 100, 100, 100),
(843, 'PT-SSWM', 'SUELA SWIFT MEDIANA', 29, 'EXPANSO', 100, 100, 100),
(844, 'PT-SSWM', 'SUELA SWIFT MEDIANA', 30, 'EXPANSO', 100, 100, 100),
(845, 'PT-SSWM', 'SUELA SWIFT MEDIANA', 31, 'EXPANSO', 100, 100, 100),
(846, 'PT-SSWM', 'SUELA SWIFT MEDIANA', 32, 'EXPANSO', 100, 100, 100),
(847, 'PT-SSWM', 'SUELA SWIFT MEDIANA', 33, 'EXPANSO', 100, 100, 100),
(848, 'PT-SSWP', 'SUELA SWIFT PEQUEÑA', 21, 'EXPANSO', 100, 100, 100),
(849, 'PT-SSWP', 'SUELA SWIFT PEQUEÑA', 22, 'EXPANSO', 100, 100, 100),
(850, 'PT-SSWP', 'SUELA SWIFT PEQUEÑA', 23, 'EXPANSO', 100, 100, 100),
(851, 'PT-SSWP', 'SUELA SWIFT PEQUEÑA', 24, 'EXPANSO', 100, 100, 100),
(852, 'PT-SSWP', 'SUELA SWIFT PEQUEÑA', 25, 'EXPANSO', 100, 100, 100),
(853, 'PT-SSWP', 'SUELA SWIFT PEQUEÑA', 26, 'EXPANSO', 100, 100, 100),
(854, 'PT-STE', 'SUELA TETRA', 34, 'EXPANSO', 100, 100, 100),
(855, 'PT-STE', 'SUELA TETRA', 35, 'EXPANSO', 100, 100, 100),
(856, 'PT-STE', 'SUELA TETRA', 36, 'EXPANSO', 100, 100, 100),
(857, 'PT-STE', 'SUELA TETRA', 37, 'EXPANSO', 100, 100, 100),
(858, 'PT-STE', 'SUELA TETRA', 38, 'EXPANSO', 100, 100, 100),
(859, 'PT-STE', 'SUELA TETRA', 39, 'EXPANSO', 100, 100, 100),
(860, 'PT-STE', 'SUELA TETRA', 40, 'EXPANSO', 100, 100, 100),
(861, 'PT-STEX', 'SUELA TEXI CON VIRA', 34, 'EXPANSO', 100, 100, 100),
(862, 'PT-STEX', 'SUELA TEXI CON VIRA', 35, 'EXPANSO', 100, 100, 100),
(863, 'PT-STEX', 'SUELA TEXI CON VIRA', 36, 'EXPANSO', 100, 100, 100),
(864, 'PT-STEX', 'SUELA TEXI CON VIRA', 37, 'EXPANSO', 100, 100, 100),
(865, 'PT-STEX', 'SUELA TEXI CON VIRA', 38, 'EXPANSO', 100, 100, 100),
(866, 'PT-STEX', 'SUELA TEXI CON VIRA', 39, 'EXPANSO', 100, 100, 100),
(867, 'PT-STEX', 'SUELA TEXI CON VIRA', 40, 'EXPANSO', 100, 100, 100),
(868, 'PT-STESV', 'SUELA TEXI SIN VIRA', 34, 'EXPANSO', 100, 100, 100),
(869, 'PT-STESV', 'SUELA TEXI SIN VIRA', 35, 'EXPANSO', 100, 100, 100),
(870, 'PT-STESV', 'SUELA TEXI SIN VIRA', 36, 'EXPANSO', 100, 100, 100),
(871, 'PT-STESV', 'SUELA TEXI SIN VIRA', 37, 'EXPANSO', 100, 100, 100),
(872, 'PT-STESV', 'SUELA TEXI SIN VIRA', 38, 'EXPANSO', 100, 100, 100),
(873, 'PT-STESV', 'SUELA TEXI SIN VIRA', 39, 'EXPANSO', 100, 100, 100),
(874, 'PT-STESV', 'SUELA TEXI SIN VIRA', 40, 'EXPANSO', 100, 100, 100),
(875, 'PT-STIG', 'SUELA TIGER GRANDE', 34, 'EXPANSO', 100, 100, 100),
(876, 'PT-STIG', 'SUELA TIGER GRANDE', 35, 'EXPANSO', 100, 100, 100),
(877, 'PT-STIG', 'SUELA TIGER GRANDE', 36, 'EXPANSO', 100, 100, 100),
(878, 'PT-STIG', 'SUELA TIGER GRANDE', 37, 'EXPANSO', 100, 100, 100),
(879, 'PT-STIG', 'SUELA TIGER GRANDE', 38, 'EXPANSO', 100, 100, 100),
(880, 'PT-STIG', 'SUELA TIGER GRANDE', 39, 'EXPANSO', 100, 100, 100),
(881, 'PT-STIG', 'SUELA TIGER GRANDE', 40, 'EXPANSO', 100, 100, 100),
(882, 'PT-STIM', 'SUELA TIGER MEDIANA', 27, 'EXPANSO', 100, 100, 100),
(883, 'PT-STIM', 'SUELA TIGER MEDIANA', 28, 'EXPANSO', 100, 100, 100),
(884, 'PT-STIM', 'SUELA TIGER MEDIANA', 29, 'EXPANSO', 100, 100, 100),
(885, 'PT-STIM', 'SUELA TIGER MEDIANA', 30, 'EXPANSO', 100, 100, 100),
(886, 'PT-STIM', 'SUELA TIGER MEDIANA', 31, 'EXPANSO', 100, 100, 100),
(887, 'PT-STIM', 'SUELA TIGER MEDIANA', 32, 'EXPANSO', 100, 100, 100),
(888, 'PT-STIM', 'SUELA TIGER MEDIANA', 33, 'EXPANSO', 100, 100, 100),
(889, 'PT-STI', 'SUELA TITA', 34, 'PVC', 100, 100, 100),
(890, 'PT-STI', 'SUELA TITA', 35, 'PVC', 100, 100, 100),
(891, 'PT-STI', 'SUELA TITA', 36, 'PVC', 100, 100, 100),
(892, 'PT-STI', 'SUELA TITA', 37, 'PVC', 100, 100, 100),
(893, 'PT-STI', 'SUELA TITA', 38, 'PVC', 100, 100, 100),
(894, 'PT-STI', 'SUELA TITA', 39, 'PVC', 100, 100, 100),
(895, 'PT-STI', 'SUELA TITA', 40, 'PVC', 100, 100, 100),
(896, 'PT-STILO', 'SUELA TITA LORAINE', 34, 'PVC', 100, 100, 100),
(897, 'PT-STILO', 'SUELA TITA LORAINE', 35, 'PVC', 100, 100, 100),
(898, 'PT-STILO', 'SUELA TITA LORAINE', 36, 'PVC', 100, 100, 100),
(899, 'PT-STILO', 'SUELA TITA LORAINE', 37, 'PVC', 100, 100, 100),
(900, 'PT-STILO', 'SUELA TITA LORAINE', 38, 'PVC', 100, 100, 100),
(901, 'PT-STILO', 'SUELA TITA LORAINE', 39, 'PVC', 100, 100, 100),
(902, 'PT-STILO', 'SUELA TITA LORAINE', 40, 'PVC', 100, 100, 100),
(903, 'PT-STKIO', 'SUELA TOKIO', 34, 'EXPANSO', 100, 100, 100),
(904, 'PT-STKIO', 'SUELA TOKIO', 35, 'EXPANSO', 100, 100, 100),
(905, 'PT-STKIO', 'SUELA TOKIO', 36, 'EXPANSO', 100, 100, 100),
(906, 'PT-STKIO', 'SUELA TOKIO', 37, 'EXPANSO', 100, 100, 100),
(907, 'PT-STKIO', 'SUELA TOKIO', 38, 'EXPANSO', 100, 100, 100),
(908, 'PT-STKIO', 'SUELA TOKIO', 39, 'EXPANSO', 100, 100, 100),
(909, 'PT-STKIO', 'SUELA TOKIO', 40, 'EXPANSO', 100, 100, 100),
(910, 'PT-STO', 'SUELA TOMS', 34, 'PVC', 100, 100, 100),
(911, 'PT-STO', 'SUELA TOMS', 35, 'PVC', 100, 100, 100),
(912, 'PT-STO', 'SUELA TOMS', 36, 'PVC', 100, 100, 100),
(913, 'PT-STO', 'SUELA TOMS', 37, 'PVC', 100, 100, 100),
(914, 'PT-STO', 'SUELA TOMS', 38, 'PVC', 100, 100, 100),
(915, 'PT-STO', 'SUELA TOMS', 39, 'PVC', 100, 100, 100),
(916, 'PT-STO', 'SUELA TOMS', 40, 'PVC', 100, 100, 100),
(917, 'PT-STR', 'SUELA TRUMP', 33, 'EXPANSO', 100, 100, 100),
(918, 'PT-STR', 'SUELA TRUMP', 34, 'EXPANSO', 100, 100, 100),
(919, 'PT-STR', 'SUELA TRUMP', 35, 'EXPANSO', 100, 100, 100),
(920, 'PT-STR', 'SUELA TRUMP', 36, 'EXPANSO', 100, 100, 100),
(921, 'PT-STR', 'SUELA TRUMP', 37, 'EXPANSO', 100, 100, 100),
(922, 'PT-STR', 'SUELA TRUMP', 38, 'EXPANSO', 100, 100, 100),
(923, 'PT-STR', 'SUELA TRUMP', 39, 'EXPANSO', 100, 100, 100),
(924, 'PT-STR', 'SUELA TRUMP', 40, 'EXPANSO', 100, 100, 100),
(925, 'PT-SVA', 'SUELA VALENTINA', 34, 'PVC', 100, 100, 100),
(926, 'PT-SVA', 'SUELA VALENTINA', 35, 'PVC', 100, 100, 100),
(927, 'PT-SVA', 'SUELA VALENTINA', 36, 'PVC', 100, 100, 100),
(928, 'PT-SVA', 'SUELA VALENTINA', 37, 'PVC', 100, 100, 100),
(929, 'PT-SVA', 'SUELA VALENTINA', 38, 'PVC', 100, 100, 100),
(930, 'PT-SVA', 'SUELA VALENTINA', 39, 'PVC', 100, 100, 100),
(931, 'PT-SVA', 'SUELA VALENTINA', 40, 'PVC', 100, 100, 100),
(932, 'PT-SVAPU', 'SUELA VALEX PUNTUDA', 34, 'PVC', 100, 100, 100),
(933, 'PT-SVAPU', 'SUELA VALEX PUNTUDA', 35, 'PVC', 100, 100, 100),
(934, 'PT-SVAPU', 'SUELA VALEX PUNTUDA', 36, 'PVC', 100, 100, 100),
(935, 'PT-SVAPU', 'SUELA VALEX PUNTUDA', 37, 'PVC', 100, 100, 100),
(936, 'PT-SVAPU', 'SUELA VALEX PUNTUDA', 38, 'PVC', 100, 100, 100),
(937, 'PT-SVAPU', 'SUELA VALEX PUNTUDA', 39, 'PVC', 100, 100, 100),
(938, 'PT-SVAPU', 'SUELA VALEX PUNTUDA', 40, 'PVC', 100, 100, 100),
(939, 'PT-SVARE', 'SUELA VALEX REDONDA', 34, 'PVC', 100, 100, 100),
(940, 'PT-SVARE', 'SUELA VALEX REDONDA', 35, 'PVC', 100, 100, 100),
(941, 'PT-SVARE', 'SUELA VALEX REDONDA', 36, 'PVC', 100, 100, 100),
(942, 'PT-SVARE', 'SUELA VALEX REDONDA', 37, 'PVC', 100, 100, 100),
(943, 'PT-SVARE', 'SUELA VALEX REDONDA', 38, 'PVC', 100, 100, 100),
(944, 'PT-SVARE', 'SUELA VALEX REDONDA', 39, 'PVC', 100, 100, 100),
(945, 'PT-SVARE', 'SUELA VALEX REDONDA', 40, 'PVC', 100, 100, 100),
(946, 'PT-SVAG', 'SUELA VANNE GRANDE', 34, 'EXPANSO', 100, 100, 100),
(947, 'PT-SVAG', 'SUELA VANNE GRANDE', 35, 'EXPANSO', 100, 100, 100),
(948, 'PT-SVAG', 'SUELA VANNE GRANDE', 36, 'EXPANSO', 100, 100, 100),
(949, 'PT-SVAG', 'SUELA VANNE GRANDE', 37, 'EXPANSO', 100, 100, 100),
(950, 'PT-SVAG', 'SUELA VANNE GRANDE', 38, 'EXPANSO', 100, 100, 100),
(951, 'PT-SVAG', 'SUELA VANNE GRANDE', 39, 'EXPANSO', 100, 100, 100),
(952, 'PT-SVAG', 'SUELA VANNE GRANDE', 40, 'EXPANSO', 100, 100, 100),
(953, 'PT-SVAG', 'SUELA VANNE GRANDE', 41, 'EXPANSO', 100, 100, 100),
(954, 'PT-SVAG', 'SUELA VANNE GRANDE', 42, 'EXPANSO', 100, 100, 100),
(955, 'PT-SVAM', 'SUELA VANNE MEDIANA', 27, 'EXPANSO', 100, 100, 100),
(956, 'PT-SVAM', 'SUELA VANNE MEDIANA', 28, 'EXPANSO', 100, 100, 100),
(957, 'PT-SVAM', 'SUELA VANNE MEDIANA', 29, 'EXPANSO', 100, 100, 100),
(958, 'PT-SVAM', 'SUELA VANNE MEDIANA', 30, 'EXPANSO', 100, 100, 100),
(959, 'PT-SVAM', 'SUELA VANNE MEDIANA', 31, 'EXPANSO', 100, 100, 100),
(960, 'PT-SVAM', 'SUELA VANNE MEDIANA', 32, 'EXPANSO', 100, 100, 100),
(961, 'PT-SVAM', 'SUELA VANNE MEDIANA', 33, 'EXPANSO', 100, 100, 100),
(962, 'PT-SVAP', 'SUELA VANNE PEQUEÑA', 21, 'EXPANSO', 100, 100, 100),
(963, 'PT-SVAP', 'SUELA VANNE PEQUEÑA', 22, 'EXPANSO', 100, 100, 100),
(964, 'PT-SVAP', 'SUELA VANNE PEQUEÑA', 23, 'EXPANSO', 100, 100, 100),
(965, 'PT-SVAP', 'SUELA VANNE PEQUEÑA', 24, 'EXPANSO', 100, 100, 100),
(966, 'PT-SVAP', 'SUELA VANNE PEQUEÑA', 25, 'EXPANSO', 100, 100, 100),
(967, 'PT-SVAP', 'SUELA VANNE PEQUEÑA', 26, 'EXPANSO', 100, 100, 100),
(968, 'PT-SVAP', 'SUELA VANNE PEQUEÑA', 27, 'EXPANSO', 100, 100, 100),
(969, 'PT-SVERG', 'SUELA VERSA GRANDE', 34, 'EXPANSO', 100, 100, 100),
(970, 'PT-SVERG', 'SUELA VERSA GRANDE', 35, 'EXPANSO', 100, 100, 100),
(971, 'PT-SVERG', 'SUELA VERSA GRANDE', 36, 'EXPANSO', 100, 100, 100),
(972, 'PT-SVERG', 'SUELA VERSA GRANDE', 37, 'EXPANSO', 100, 100, 100),
(973, 'PT-SVERG', 'SUELA VERSA GRANDE', 38, 'EXPANSO', 100, 100, 100),
(974, 'PT-SVERG', 'SUELA VERSA GRANDE', 39, 'EXPANSO', 100, 100, 100),
(975, 'PT-SVERG', 'SUELA VERSA GRANDE', 40, 'EXPANSO', 100, 100, 100),
(976, 'PT-SVERG', 'SUELA VERSAGE GRANDE', 34, 'EXPANSO', 100, 100, 100),
(977, 'PT-SVERG', 'SUELA VERSAGE GRANDE', 35, 'EXPANSO', 100, 100, 100),
(978, 'PT-SVERG', 'SUELA VERSAGE GRANDE', 36, 'EXPANSO', 100, 100, 100),
(979, 'PT-SVERG', 'SUELA VERSAGE GRANDE', 37, 'EXPANSO', 100, 100, 100),
(980, 'PT-SVERG', 'SUELA VERSAGE GRANDE', 38, 'EXPANSO', 100, 100, 100),
(981, 'PT-SVERG', 'SUELA VERSAGE GRANDE', 39, 'EXPANSO', 100, 100, 100),
(982, 'PT-SVERG', 'SUELA VERSAGE GRANDE', 40, 'EXPANSO', 100, 100, 100),
(983, 'PT-SX9TREN', 'SUELA X9 TRENZA', 34, 'EXPANSO', 100, 100, 100),
(984, 'PT-SX9TREN', 'SUELA X9 TRENZA', 35, 'EXPANSO', 100, 100, 100),
(985, 'PT-SX9TREN', 'SUELA X9 TRENZA', 36, 'EXPANSO', 100, 100, 100),
(986, 'PT-SX9TREN', 'SUELA X9 TRENZA', 37, 'EXPANSO', 100, 100, 100),
(987, 'PT-SX9TREN', 'SUELA X9 TRENZA', 38, 'EXPANSO', 100, 100, 100),
(988, 'PT-SX9TREN', 'SUELA X9 TRENZA', 39, 'EXPANSO', 100, 100, 100),
(989, 'PT-SX9TREN', 'SUELA X9 TRENZA', 40, 'EXPANSO', 100, 100, 100),
(990, 'PT-SYENY', 'SUELA YENY', 34, 'EXPANSO', 100, 100, 100),
(991, 'PT-SYENY', 'SUELA YENY', 35, 'EXPANSO', 100, 100, 100),
(992, 'PT-SYENY', 'SUELA YENY', 36, 'EXPANSO', 100, 100, 100),
(993, 'PT-SYENY', 'SUELA YENY', 37, 'EXPANSO', 100, 100, 100),
(994, 'PT-SYENY', 'SUELA YENY', 38, 'EXPANSO', 100, 100, 100),
(995, 'PT-SYENY', 'SUELA YENY', 39, 'EXPANSO', 100, 100, 100),
(996, 'PT-SYENY', 'SUELA YENY', 40, 'EXPANSO', 100, 100, 100),
(997, 'PT-SZA', 'SUELA ZARA', 34, 'EXPANSO', 100, 100, 100),
(998, 'PT-SZA', 'SUELA ZARA', 35, 'EXPANSO', 100, 100, 100),
(999, 'PT-SZA', 'SUELA ZARA', 36, 'EXPANSO', 100, 100, 100),
(1000, 'PT-SZA', 'SUELA ZARA', 37, 'EXPANSO', 100, 100, 100),
(1001, 'PT-SZA', 'SUELA ZARA', 38, 'EXPANSO', 100, 100, 100),
(1002, 'PT-SZA', 'SUELA ZARA', 39, 'EXPANSO', 100, 100, 100),
(1003, 'PT-SZA', 'SUELA ZARA', 40, 'EXPANSO', 100, 100, 100),
(1004, 'PT-SUEBE', 'SUELIN BEIRA', 34, 'PVC', 100, 100, 100),
(1005, 'PT-SUEBE', 'SUELIN BEIRA', 35, 'PVC', 100, 100, 100),
(1006, 'PT-SUEBE', 'SUELIN BEIRA', 36, 'PVC', 100, 100, 100),
(1007, 'PT-SUEBE', 'SUELIN BEIRA', 37, 'PVC', 100, 100, 100),
(1008, 'PT-SUEBE', 'SUELIN BEIRA', 38, 'PVC', 100, 100, 100),
(1009, 'PT-SUEBE', 'SUELIN BEIRA', 39, 'PVC', 100, 100, 100),
(1010, 'PT-SUEBE', 'SUELIN BEIRA', 40, 'PVC', 100, 100, 100),
(1011, 'PT-SUECP', 'SUELIN CANOA PUNTOS', 34, 'PVC', 100, 100, 100),
(1012, 'PT-SUECP', 'SUELIN CANOA PUNTOS', 35, 'PVC', 100, 100, 100),
(1013, 'PT-SUECP', 'SUELIN CANOA PUNTOS', 36, 'PVC', 100, 100, 100),
(1014, 'PT-SUECP', 'SUELIN CANOA PUNTOS', 37, 'PVC', 100, 100, 100),
(1015, 'PT-SUECP', 'SUELIN CANOA PUNTOS', 38, 'PVC', 100, 100, 100),
(1016, 'PT-SUECP', 'SUELIN CANOA PUNTOS', 39, 'PVC', 100, 100, 100),
(1017, 'PT-SUECP', 'SUELIN CANOA PUNTOS', 40, 'PVC', 100, 100, 100),
(1018, 'PT-SUECRV', 'SUELIN CRAZY', 34, 'EXPANSO', 100, 100, 100),
(1019, 'PT-SUECRV', 'SUELIN CRAZY', 35, 'EXPANSO', 100, 100, 100),
(1020, 'PT-SUECRV', 'SUELIN CRAZY', 36, 'EXPANSO', 100, 100, 100),
(1021, 'PT-SUECRV', 'SUELIN CRAZY', 37, 'EXPANSO', 100, 100, 100),
(1022, 'PT-SUECRV', 'SUELIN CRAZY', 38, 'EXPANSO', 100, 100, 100),
(1023, 'PT-SUECRV', 'SUELIN CRAZY', 39, 'EXPANSO', 100, 100, 100),
(1024, 'PT-SUECRV', 'SUELIN CRAZY', 40, 'EXPANSO', 100, 100, 100),
(1025, 'PT-SUECRN', 'SUELIN CRAZY NUEVO', 34, 'EXPANSO', 100, 100, 100),
(1026, 'PT-SUECRN', 'SUELIN CRAZY NUEVO', 35, 'EXPANSO', 100, 100, 100),
(1027, 'PT-SUECRN', 'SUELIN CRAZY NUEVO', 36, 'EXPANSO', 100, 100, 100),
(1028, 'PT-SUECRN', 'SUELIN CRAZY NUEVO', 37, 'EXPANSO', 100, 100, 100),
(1029, 'PT-SUECRN', 'SUELIN CRAZY NUEVO', 38, 'EXPANSO', 100, 100, 100),
(1030, 'PT-SUECRN', 'SUELIN CRAZY NUEVO', 39, 'EXPANSO', 100, 100, 100),
(1031, 'PT-SUECRN', 'SUELIN CRAZY NUEVO', 40, 'EXPANSO', 100, 100, 100),
(1032, 'PT-SUELISS', 'SUELIN LISS', 34, 'PVC', 100, 100, 100),
(1033, 'PT-SUELISS', 'SUELIN LISS', 35, 'PVC', 100, 100, 100),
(1034, 'PT-SUELISS', 'SUELIN LISS', 36, 'PVC', 100, 100, 100),
(1035, 'PT-SUELISS', 'SUELIN LISS', 37, 'PVC', 100, 100, 100),
(1036, 'PT-SUELISS', 'SUELIN LISS', 38, 'PVC', 100, 100, 100),
(1037, 'PT-SUELISS', 'SUELIN LISS', 39, 'PVC', 100, 100, 100),
(1038, 'PT-SUELISS', 'SUELIN LISS', 40, 'PVC', 100, 100, 100),
(1039, 'PT-SUEMA32', 'SUELIN MAOLI 3/2', 34, 'PVC', 100, 100, 100),
(1040, 'PT-SUEMA32', 'SUELIN MAOLI 3/2', 35, 'PVC', 100, 100, 100),
(1041, 'PT-SUEMA32', 'SUELIN MAOLI 3/2', 36, 'PVC', 100, 100, 100),
(1042, 'PT-SUEMA32', 'SUELIN MAOLI 3/2', 37, 'PVC', 100, 100, 100),
(1043, 'PT-SUEMA32', 'SUELIN MAOLI 3/2', 38, 'PVC', 100, 100, 100),
(1044, 'PT-SUEMA32', 'SUELIN MAOLI 3/2', 39, 'PVC', 100, 100, 100),
(1045, 'PT-SUEMA32', 'SUELIN MAOLI 3/2', 40, 'PVC', 100, 100, 100),
(1046, 'PT-SUEMA52', 'SUELIN MAOLI 5/2', 34, 'EXPANSO', 100, 100, 100),
(1047, 'PT-SUEMA52', 'SUELIN MAOLI 5/2', 35, 'EXPANSO', 100, 100, 100),
(1048, 'PT-SUEMA52', 'SUELIN MAOLI 5/2', 36, 'EXPANSO', 100, 100, 100),
(1049, 'PT-SUEMA52', 'SUELIN MAOLI 5/2', 37, 'EXPANSO', 100, 100, 100),
(1050, 'PT-SUEMA52', 'SUELIN MAOLI 5/2', 38, 'EXPANSO', 100, 100, 100),
(1051, 'PT-SUEMA52', 'SUELIN MAOLI 5/2', 39, 'EXPANSO', 100, 100, 100),
(1052, 'PT-SUEMA52', 'SUELIN MAOLI 5/2', 40, 'EXPANSO', 100, 100, 100),
(1053, 'PT-SUEMA72', 'SUELIN MAOLI 7/2', 34, 'PVC', 100, 100, 100),
(1054, 'PT-SUEMA72', 'SUELIN MAOLI 7/2', 35, 'PVC', 100, 100, 100),
(1055, 'PT-SUEMA72', 'SUELIN MAOLI 7/2', 36, 'PVC', 100, 100, 100),
(1056, 'PT-SUEMA72', 'SUELIN MAOLI 7/2', 37, 'PVC', 100, 100, 100),
(1057, 'PT-SUEMA72', 'SUELIN MAOLI 7/2', 38, 'PVC', 100, 100, 100),
(1058, 'PT-SUEMA72', 'SUELIN MAOLI 7/2', 39, 'PVC', 100, 100, 100),
(1059, 'PT-SUEMA72', 'SUELIN MAOLI 7/2', 40, 'PVC', 100, 100, 100),
(1060, 'PT-SUEMP5', 'SUELIN MEDIA PLA 5', 34, 'PVC', 100, 100, 100),
(1061, 'PT-SUEMP5', 'SUELIN MEDIA PLA 5', 35, 'PVC', 100, 100, 100),
(1062, 'PT-SUEMP5', 'SUELIN MEDIA PLA 5', 36, 'PVC', 100, 100, 100),
(1063, 'PT-SUEMP5', 'SUELIN MEDIA PLA 5', 37, 'PVC', 100, 100, 100),
(1064, 'PT-SUEMP5', 'SUELIN MEDIA PLA 5', 38, 'PVC', 100, 100, 100),
(1065, 'PT-SUEMP5', 'SUELIN MEDIA PLA 5', 39, 'PVC', 100, 100, 100),
(1066, 'PT-SUEMP5', 'SUELIN MEDIA PLA 5', 40, 'PVC', 100, 100, 100),
(1067, 'PT-SUELI', 'SUELIN NICOLLE', 34, 'PVC', 100, 100, 100),
(1068, 'PT-SUELI', 'SUELIN NICOLLE', 35, 'PVC', 100, 100, 100),
(1069, 'PT-SUELI', 'SUELIN NICOLLE', 36, 'PVC', 100, 100, 100),
(1070, 'PT-SUELI', 'SUELIN NICOLLE', 37, 'PVC', 100, 100, 100),
(1071, 'PT-SUELI', 'SUELIN NICOLLE', 38, 'PVC', 100, 100, 100),
(1072, 'PT-SUELI', 'SUELIN NICOLLE', 39, 'PVC', 100, 100, 100),
(1073, 'PT-SUELI', 'SUELIN NICOLLE', 40, 'PVC', 100, 100, 100),
(1074, 'PT-SUEPA', 'SUELIN PAULA', 34, 'PVC', 100, 100, 100),
(1075, 'PT-SUEPA', 'SUELIN PAULA', 35, 'PVC', 100, 100, 100),
(1076, 'PT-SUEPA', 'SUELIN PAULA', 36, 'PVC', 100, 100, 100),
(1077, 'PT-SUEPA', 'SUELIN PAULA', 37, 'PVC', 100, 100, 100),
(1078, 'PT-SUEPA', 'SUELIN PAULA', 38, 'PVC', 100, 100, 100),
(1079, 'PT-SUEPA', 'SUELIN PAULA', 39, 'PVC', 100, 100, 100),
(1080, 'PT-SUEPA', 'SUELIN PAULA', 40, 'PVC', 100, 100, 100),
(1081, 'PT-TAPBA', 'TAPETE BAMBU', 0, 'PVC', 100, 100, 100),
(1082, 'PT-TAPB1', 'TAPETE BARDAS 1', 0, 'PVC', 100, 100, 100),
(1083, 'PT-TAPB2', 'TAPETE BARDAS 2', 0, 'PVC', 100, 100, 100),
(1084, 'PT-TFLOM', 'TAPETE FLOWER MEDIANO', 0, 'PVC', 100, 100, 100),
(1085, 'PT-TJHOD', 'TAPETE JHON D', 0, 'PVC', 100, 100, 100),
(1086, 'PT-TAPLA1', 'TAPETE LANY 1', 0, 'PVC', 100, 100, 100),
(1087, 'PT-TAPLA2', 'TAPETE LANY 2', 0, 'PVC', 100, 100, 100),
(1088, 'PT-TAPL', 'TAPETE LINE 1', 0, 'PVC', 100, 100, 100),
(1089, 'PT-TMAR', 'TAPETE MARKERS', 0, 'PVC', 100, 100, 100),
(1090, 'PT-TMASO', 'TAPETE MASOF', 0, 'PVC', 100, 100, 100),
(1091, 'PT-TSACH', 'TAPETE SACHA', 0, 'PVC', 100, 100, 100),
(1092, 'PT-TAPS', 'TAPETE SIERRA', 0, 'PVC', 100, 100, 100),
(1093, 'PT-TAPSTRFL', 'TAPETE SIERRA TROQUELADO FLOWER', 34, 'PVC', 100, 100, 100),
(1094, 'PT-TAPSTRFL', 'TAPETE SIERRA TROQUELADO FLOWER', 35, 'PVC', 100, 100, 100),
(1095, 'PT-TAPSTRFL', 'TAPETE SIERRA TROQUELADO FLOWER', 36, 'PVC', 100, 100, 100),
(1096, 'PT-TAPSTRFL', 'TAPETE SIERRA TROQUELADO FLOWER', 37, 'PVC', 100, 100, 100),
(1097, 'PT-TAPSTRFL', 'TAPETE SIERRA TROQUELADO FLOWER', 38, 'PVC', 100, 100, 100),
(1098, 'PT-TAPSTRFL', 'TAPETE SIERRA TROQUELADO FLOWER', 39, 'PVC', 100, 100, 100),
(1099, 'PT-TAPSTRFL', 'TAPETE SIERRA TROQUELADO FLOWER', 40, 'PVC', 100, 100, 100),
(1100, 'PT-TAPXO', 'TAPETE XO', 0, 'PVC', 100, 100, 100),
(1101, 'PT-TAQUI', 'TAQUITOS', 0, 'PVC', 100, 100, 100),
(1102, 'PT-TUBJD', 'TUBULAR JHON D', 34, 'PVC', 100, 100, 100),
(1103, 'PT-TUBJD', 'TUBULAR JHON D', 35, 'PVC', 100, 100, 100),
(1104, 'PT-TUBJD', 'TUBULAR JHON D', 36, 'PVC', 100, 100, 100),
(1105, 'PT-TUBJD', 'TUBULAR JHON D', 37, 'PVC', 100, 100, 100),
(1106, 'PT-TUBJD', 'TUBULAR JHON D', 38, 'PVC', 100, 100, 100),
(1107, 'PT-TUBJD', 'TUBULAR JHON D', 39, 'PVC', 100, 100, 100),
(1108, 'PT-TUBJD', 'TUBULAR JHON D', 40, 'PVC', 100, 100, 100);

-- Series
INSERT INTO `series` (`ID`, `NOMBRE`) VALUES
(2, 'APLIQUE BELLA'),
(3, 'CUÑA CRAZY'),
(4, 'MEDIA PLA 5'),
(5, 'PLANTILLA BEIRA FORRADA'),
(6, 'SUELA ADID GRANDE'),
(7, 'SUELA ALPHA'),
(8, 'SUELA ALWAYS'),
(9, 'SUELA ALWAYS NUEVA'),
(10, 'SUELA ANTONELLA'),
(11, 'SUELA BALENCIAGA'),
(12, 'SUELA BALETA LADIANA'),
(13, 'SUELA BEIRA'),
(14, 'SUELA BELLA'),
(15, 'SUELA BRAHAMA DAMA'),
(16, 'SUELA BRAHAMA NIÑA'),
(17, 'SUELA BRESKA'),
(18, 'SUELA CANOA PUNTOS'),
(19, 'SUELA CHUNKY'),
(20, 'SUELA CLOUDFORM'),
(21, 'SUELA COLEGIAL GR'),
(22, 'SUELA COLEGIAL MED'),
(23, 'SUELA CORONA'),
(24, 'SUELA CRISTAL'),
(25, 'SUELA DANA MARIA'),
(26, 'SUELA DOLCE'),
(27, 'SUELA EIMY'),
(28, 'SUELA ELECTRA'),
(29, 'SUELA ELITE GRANDE'),
(30, 'SUELA ELITE MED'),
(1, 'SUELA ELSA BEBE'),
(31, 'SUELA ELSA CON SILVATRIM'),
(32, 'SUELA ELSA GRANDE'),
(33, 'SUELA ELSA MEDIANA'),
(34, 'SUELA ELSA PEQUEÑA'),
(35, 'SUELA EMMA CON VIRA'),
(36, 'SUELA EMMA GRANDE'),
(37, 'SUELA EPIC'),
(38, 'SUELA FELICIANA'),
(39, 'SUELA FENDY'),
(40, 'SUELA FLOWER DAMA'),
(41, 'SUELA FLOWER MEDIANA'),
(42, 'SUELA FLOWER PEQUEÑA'),
(43, 'SUELA FREE BINUMERO HOMBRE'),
(44, 'SUELA FREE BINUMERO JUVENIL'),
(45, 'SUELA GABANNA'),
(46, 'SUELA GINA'),
(47, 'SUELA HUNGRY GRANDE'),
(48, 'SUELA IRIS'),
(49, 'SUELA KARLA'),
(50, 'SUELA KARLA DEPORTIVA'),
(51, 'SUELA KAROL G'),
(52, 'SUELA KATAR GRANDE'),
(53, 'SUELA KELLY'),
(54, 'SUELA KIKYS'),
(55, 'SUELA KOAJ GRANDE'),
(56, 'SUELA KROSS DAMA'),
(57, 'SUELA KROSS NIÑA'),
(58, 'SUELA LAURA'),
(59, 'SUELA LAURA GR'),
(60, 'SUELA LINDA GRANDE'),
(61, 'SUELA LINDA MEDIANA'),
(62, 'SUELA LINDA PEQUEÑA'),
(63, 'SUELA LINDA SIN SILVATRIM MEDIANA'),
(64, 'SUELA LINDA SIN SILVATRIM PEQUEÑA'),
(65, 'SUELA LISS'),
(66, 'SUELA LITE GRANDE'),
(67, 'SUELA LOVE'),
(68, 'SUELA LUNA'),
(69, 'SUELA MACAO'),
(70, 'SUELA MARIA D'),
(71, 'SUELA MARIANA'),
(72, 'SUELA MARIELITA'),
(73, 'SUELA MICHAEL BINUMERO'),
(74, 'SUELA MONACO'),
(75, 'SUELA NAYU GR PVC'),
(76, 'SUELA NAYU GRANDE'),
(77, 'SUELA NAYU MED PVC'),
(78, 'SUELA NAYU MEDIANA'),
(79, 'SUELA NAYUEX'),
(80, 'SUELA NEW B'),
(81, 'SUELA NICOLLE'),
(82, 'SUELA ORLANDO'),
(83, 'SUELA PEKIN'),
(84, 'SUELA PILI CON SILVATRIM GRANDE'),
(85, 'SUELA PILI CON SILVATRIM MEDIANA'),
(86, 'SUELA PILI GRANDE'),
(87, 'SUELA PILI MEDIANA'),
(88, 'SUELA PLANTILLA BRAHAMA DAMA'),
(89, 'SUELA PLANTILLA BRAHAMA NIÑA'),
(90, 'SUELA PRADA CON VIRA'),
(91, 'SUELA PRADA SIN VIRA'),
(92, 'SUELA PUCA GR'),
(93, 'SUELA PUMA DAMA'),
(94, 'SUELA REEBOK GRAN PVC'),
(95, 'SUELA REEBOK MED PVC'),
(96, 'SUELA REEBOK PEQ PVC'),
(97, 'SUELA REEBOK PINCESA PEQUEÑA'),
(98, 'SUELA REEBOK PRINCESA GRANDE'),
(99, 'SUELA REEBOK PRINCESA MEDIANA'),
(100, 'SUELA RENATA CON SILVATRIM'),
(101, 'SUELA RENATA SIN SILVATRIM'),
(102, 'SUELA RICHIE'),
(103, 'SUELA SALOME GRAND'),
(104, 'SUELA SAMAYA'),
(105, 'SUELA SAN PRADA CON VIRA'),
(106, 'SUELA SAN PRDA SIN VIRA'),
(107, 'SUELA SCOLA HOMBRE'),
(108, 'SUELA SCOLA JUVENIL'),
(109, 'SUELA SCOLA MEDIANA'),
(110, 'SUELA SCOLA PEQUEÑA'),
(111, 'SUELA SHARONI'),
(112, 'SUELA SK GRANDE'),
(113, 'SUELA SKACHER DAMA'),
(114, 'SUELA SKACHER NIÑA'),
(115, 'SUELA SNEAKERS'),
(116, 'SUELA SOFIA'),
(117, 'SUELA SPEED'),
(118, 'SUELA STEFANY'),
(119, 'SUELA STEFANY CON SILVATRIM'),
(120, 'SUELA STEVEN'),
(121, 'SUELA SWIFT HOMBRE'),
(122, 'SUELA SWIFT JUVENIL'),
(123, 'SUELA SWIFT MEDIANA'),
(124, 'SUELA SWIFT PEQUEÑA'),
(125, 'SUELA TETRA'),
(126, 'SUELA TEXI CON VIRA'),
(127, 'SUELA TEXI SIN VIRA'),
(128, 'SUELA TIGER GRANDE'),
(129, 'SUELA TIGER MEDIANA'),
(130, 'SUELA TITA'),
(131, 'SUELA TITA LORAINE'),
(132, 'SUELA TOKIO'),
(133, 'SUELA TOMS'),
(134, 'SUELA TRUMP'),
(135, 'SUELA VALENTINA'),
(136, 'SUELA VALEX PUNTUDA'),
(137, 'SUELA VALEX REDONDA'),
(138, 'SUELA VANNE GRANDE'),
(139, 'SUELA VANNE MEDIANA'),
(140, 'SUELA VANNE PEQUEÑA'),
(141, 'SUELA VERSA GRANDE'),
(142, 'SUELA VERSAGE GRANDE'),
(143, 'SUELA X9 TRENZA'),
(144, 'SUELA YENY'),
(145, 'SUELA ZARA'),
(146, 'SUELIN BEIRA'),
(147, 'SUELIN CANOA PUNTOS'),
(148, 'SUELIN CRAZY'),
(149, 'SUELIN CRAZY NUEVO'),
(150, 'SUELIN LISS'),
(151, 'SUELIN MAOLI 3/2'),
(152, 'SUELIN MAOLI 5/2'),
(153, 'SUELIN MAOLI 7/2'),
(154, 'SUELIN MEDIA PLA 5'),
(155, 'SUELIN NICOLLE'),
(156, 'SUELIN PAULA'),
(157, 'TAPETE BAMBU'),
(158, 'TAPETE BARDAS 1'),
(159, 'TAPETE BARDAS 2'),
(160, 'TAPETE FLOWER MEDIANO'),
(161, 'TAPETE JHON D'),
(162, 'TAPETE LANY 1'),
(163, 'TAPETE LANY 2'),
(164, 'TAPETE LINE 1'),
(165, 'TAPETE MARKERS'),
(166, 'TAPETE MASOF'),
(167, 'TAPETE SACHA'),
(168, 'TAPETE SIERRA'),
(169, 'TAPETE SIERRA TROQUELADO FLOWER'),
(170, 'TAPETE XO'),
(171, 'TAQUITOS'),
(172, 'TUBULAR JHON D');

-- Grupo Series
INSERT INTO `grupo_series` (`ID`, `SERIE_ID`, `SUELA_ID`) VALUES
(1, 2, 2),
(2, 3, 3),
(3, 3, 4),
(4, 3, 5),
(5, 3, 6),
(6, 3, 7),
(7, 3, 8),
(8, 3, 9),
(9, 4, 10),
(10, 4, 11),
(11, 4, 12),
(12, 4, 13),
(13, 4, 14),
(14, 4, 15),
(15, 4, 16),
(16, 5, 17),
(17, 5, 18),
(18, 5, 19),
(19, 5, 20),
(20, 5, 21),
(21, 5, 22),
(22, 5, 23),
(23, 6, 24),
(24, 6, 25),
(25, 6, 26),
(26, 6, 27),
(27, 6, 28),
(28, 6, 29),
(29, 6, 30),
(30, 7, 31),
(31, 7, 32),
(32, 7, 33),
(33, 7, 34),
(34, 7, 35),
(35, 7, 36),
(36, 7, 37),
(37, 8, 38),
(38, 8, 39),
(39, 8, 40),
(40, 8, 41),
(41, 8, 42),
(42, 8, 43),
(43, 8, 44),
(44, 9, 45),
(45, 9, 46),
(46, 9, 47),
(47, 9, 48),
(48, 9, 49),
(49, 9, 50),
(50, 9, 51),
(51, 10, 52),
(52, 10, 53),
(53, 10, 54),
(54, 10, 55),
(55, 10, 56),
(56, 10, 57),
(57, 10, 58),
(58, 11, 59),
(59, 11, 60),
(60, 11, 61),
(61, 11, 62),
(62, 11, 63),
(63, 11, 64),
(64, 11, 65),
(65, 12, 66),
(66, 12, 67),
(67, 12, 68),
(68, 12, 69),
(69, 12, 70),
(70, 12, 71),
(71, 12, 72),
(72, 13, 73),
(73, 13, 74),
(74, 13, 75),
(75, 13, 76),
(76, 13, 77),
(77, 13, 78),
(78, 13, 79),
(79, 13, 80),
(80, 13, 81),
(81, 14, 82),
(82, 14, 83),
(83, 14, 84),
(84, 14, 85),
(85, 14, 86),
(86, 14, 87),
(87, 14, 88),
(88, 15, 89),
(89, 15, 90),
(90, 15, 91),
(91, 15, 92),
(92, 15, 93),
(93, 15, 94),
(94, 15, 95),
(95, 16, 96),
(96, 16, 97),
(97, 16, 98),
(98, 16, 99),
(99, 16, 100),
(100, 16, 101),
(101, 16, 102),
(102, 17, 103),
(103, 17, 104),
(104, 17, 105),
(105, 17, 106),
(106, 17, 107),
(107, 17, 108),
(108, 17, 109),
(109, 18, 110),
(110, 18, 111),
(111, 18, 112),
(112, 18, 113),
(113, 18, 114),
(114, 18, 115),
(115, 18, 116),
(116, 19, 117),
(117, 19, 118),
(118, 19, 119),
(119, 19, 120),
(120, 19, 121),
(121, 19, 122),
(122, 20, 123),
(123, 20, 124),
(124, 20, 125),
(125, 20, 126),
(126, 20, 127),
(127, 20, 128),
(128, 20, 129),
(129, 21, 130),
(130, 21, 131),
(131, 21, 132),
(132, 21, 133),
(133, 21, 134),
(134, 21, 135),
(135, 21, 136),
(136, 22, 137),
(137, 22, 138),
(138, 22, 139),
(139, 22, 140),
(140, 22, 141),
(141, 22, 142),
(142, 22, 143),
(143, 23, 144),
(144, 23, 145),
(145, 23, 146),
(146, 23, 147),
(147, 23, 148),
(148, 23, 149),
(149, 23, 150),
(150, 24, 151),
(151, 24, 152),
(152, 24, 153),
(153, 24, 154),
(154, 24, 155),
(155, 24, 156),
(156, 24, 157),
(157, 25, 158),
(158, 25, 159),
(159, 25, 160),
(160, 25, 161),
(161, 25, 162),
(162, 25, 163),
(163, 25, 164),
(164, 26, 165),
(165, 26, 166),
(166, 26, 167),
(167, 26, 168),
(168, 26, 169),
(169, 26, 170),
(170, 26, 171),
(171, 26, 172),
(172, 26, 173),
(173, 27, 174),
(174, 27, 175),
(175, 27, 176),
(176, 27, 177),
(177, 27, 178),
(178, 27, 179),
(179, 27, 180),
(180, 28, 181),
(181, 28, 182),
(182, 28, 183),
(183, 28, 184),
(184, 28, 185),
(185, 28, 186),
(186, 28, 187),
(187, 28, 188),
(188, 28, 189),
(189, 28, 190),
(190, 29, 191),
(191, 29, 192),
(192, 29, 193),
(193, 29, 194),
(194, 29, 195),
(195, 29, 196),
(196, 29, 197),
(197, 29, 198),
(198, 29, 199),
(199, 30, 200),
(200, 30, 201),
(201, 30, 202),
(202, 30, 203),
(203, 30, 204),
(204, 30, 205),
(205, 30, 206),
(206, 1, 1),
(207, 1, 207),
(208, 1, 208),
(209, 1, 209),
(210, 1, 210),
(211, 1, 211),
(212, 31, 212),
(213, 31, 213),
(214, 31, 214),
(215, 31, 215),
(216, 31, 216),
(217, 31, 217),
(218, 31, 218),
(219, 32, 219),
(220, 32, 220),
(221, 32, 221),
(222, 32, 222),
(223, 32, 223),
(224, 32, 224),
(225, 32, 225),
(226, 33, 226),
(227, 33, 227),
(228, 33, 228),
(229, 33, 229),
(230, 33, 230),
(231, 33, 231),
(232, 33, 232),
(233, 34, 233),
(234, 34, 234),
(235, 34, 235),
(236, 34, 236),
(237, 34, 237),
(238, 34, 238),
(239, 35, 239),
(240, 35, 240),
(241, 35, 241),
(242, 35, 242),
(243, 35, 243),
(244, 35, 244),
(245, 35, 245),
(246, 36, 246),
(247, 36, 247),
(248, 36, 248),
(249, 36, 249),
(250, 36, 250),
(251, 36, 251),
(252, 36, 252),
(253, 37, 253),
(254, 37, 254),
(255, 37, 255),
(256, 37, 256),
(257, 37, 257),
(258, 37, 258),
(259, 37, 259),
(260, 37, 260),
(261, 37, 261),
(262, 38, 262),
(263, 38, 263),
(264, 38, 264),
(265, 38, 265),
(266, 38, 266),
(267, 38, 267),
(268, 38, 268),
(269, 39, 269),
(270, 39, 270),
(271, 39, 271),
(272, 39, 272),
(273, 39, 273),
(274, 39, 274),
(275, 40, 275),
(276, 40, 276),
(277, 40, 277),
(278, 40, 278),
(279, 40, 279),
(280, 40, 280),
(281, 40, 281),
(282, 41, 282),
(283, 41, 283),
(284, 41, 284),
(285, 41, 285),
(286, 41, 286),
(287, 41, 287),
(288, 41, 288),
(289, 42, 289),
(290, 42, 290),
(291, 42, 291),
(292, 42, 292),
(293, 42, 293),
(294, 42, 294),
(295, 43, 295),
(296, 43, 296),
(297, 43, 297),
(298, 44, 298),
(299, 44, 299),
(300, 45, 300),
(301, 45, 301),
(302, 45, 302),
(303, 45, 303),
(304, 45, 304),
(305, 45, 305),
(306, 45, 306),
(307, 45, 307),
(308, 45, 308),
(309, 45, 309),
(310, 46, 310),
(311, 46, 311),
(312, 46, 312),
(313, 46, 313),
(314, 46, 314),
(315, 46, 315),
(316, 46, 316),
(317, 47, 317),
(318, 47, 318),
(319, 47, 319),
(320, 47, 320),
(321, 47, 321),
(322, 47, 322),
(323, 47, 323),
(324, 48, 324),
(325, 48, 325),
(326, 48, 326),
(327, 48, 327),
(328, 48, 328),
(329, 48, 329),
(330, 48, 330),
(331, 49, 331),
(332, 49, 332),
(333, 49, 333),
(334, 49, 334),
(335, 49, 335),
(336, 49, 336),
(337, 49, 337),
(338, 50, 338),
(339, 50, 339),
(340, 50, 340),
(341, 50, 341),
(342, 50, 342),
(343, 50, 343),
(344, 50, 344),
(345, 51, 345),
(346, 51, 346),
(347, 51, 347),
(348, 51, 348),
(349, 51, 349),
(350, 51, 350),
(351, 51, 351),
(352, 52, 352),
(353, 52, 353),
(354, 52, 354),
(355, 52, 355),
(356, 52, 356),
(357, 52, 357),
(358, 52, 358),
(359, 53, 359),
(360, 53, 360),
(361, 53, 361),
(362, 53, 362),
(363, 53, 363),
(364, 53, 364),
(365, 53, 365),
(366, 54, 366),
(367, 54, 367),
(368, 54, 368),
(369, 54, 369),
(370, 54, 370),
(371, 54, 371),
(372, 54, 372),
(373, 55, 373),
(374, 55, 374),
(375, 55, 375),
(376, 55, 376),
(377, 55, 377),
(378, 55, 378),
(379, 56, 379),
(380, 56, 380),
(381, 56, 381),
(382, 56, 382),
(383, 56, 383),
(384, 56, 384),
(385, 56, 385),
(386, 57, 386),
(387, 57, 387),
(388, 57, 388),
(389, 57, 389),
(390, 57, 390),
(391, 57, 391),
(392, 57, 392),
(393, 58, 393),
(394, 58, 394),
(395, 58, 395),
(396, 58, 396),
(397, 58, 397),
(398, 58, 398),
(399, 58, 399),
(400, 59, 400),
(401, 59, 401),
(402, 59, 402),
(403, 59, 403),
(404, 59, 404),
(405, 59, 405),
(406, 59, 406),
(407, 60, 407),
(408, 60, 408),
(409, 60, 409),
(410, 60, 410),
(411, 60, 411),
(412, 60, 412),
(413, 60, 413),
(414, 61, 414),
(415, 61, 415),
(416, 61, 416),
(417, 61, 417),
(418, 61, 418),
(419, 61, 419),
(420, 61, 420),
(421, 62, 421),
(422, 62, 422),
(423, 62, 423),
(424, 62, 424),
(425, 62, 425),
(426, 62, 426),
(427, 63, 427),
(428, 63, 428),
(429, 63, 429),
(430, 63, 430),
(431, 63, 431),
(432, 63, 432),
(433, 63, 433),
(434, 64, 434),
(435, 64, 436),
(436, 64, 437),
(437, 64, 438),
(438, 64, 439),
(439, 65, 440),
(440, 65, 441),
(441, 65, 442),
(442, 65, 443),
(443, 65, 444),
(444, 65, 445),
(445, 65, 446),
(446, 66, 447),
(447, 66, 448),
(448, 66, 449),
(449, 66, 450),
(450, 66, 451),
(451, 66, 452),
(452, 66, 453),
(453, 67, 454),
(454, 67, 455),
(455, 67, 456),
(456, 67, 457),
(457, 67, 458),
(458, 67, 459),
(459, 67, 460),
(460, 68, 461),
(461, 68, 462),
(462, 68, 463),
(463, 68, 464),
(464, 68, 465),
(465, 68, 466),
(466, 68, 467),
(467, 69, 468),
(468, 69, 469),
(469, 69, 470),
(470, 69, 471),
(471, 69, 472),
(472, 69, 473),
(473, 69, 474),
(474, 70, 475),
(475, 70, 476),
(476, 70, 477),
(477, 70, 478),
(478, 70, 479),
(479, 70, 480),
(480, 70, 481),
(481, 71, 482),
(482, 71, 483),
(483, 71, 484),
(484, 71, 485),
(485, 71, 486),
(486, 71, 487),
(487, 71, 488),
(488, 72, 489),
(489, 72, 490),
(490, 72, 491),
(491, 72, 492),
(492, 72, 493),
(493, 72, 494),
(494, 72, 495),
(495, 73, 496),
(496, 73, 497),
(497, 73, 498),
(498, 73, 499),
(499, 73, 500),
(500, 74, 501),
(501, 74, 502),
(502, 74, 503),
(503, 74, 504),
(504, 74, 505),
(505, 74, 506),
(506, 74, 507),
(507, 75, 508),
(508, 75, 509),
(509, 75, 510),
(510, 75, 511),
(511, 75, 512),
(512, 75, 513),
(513, 75, 514),
(514, 76, 515),
(515, 76, 516),
(516, 76, 517),
(517, 76, 518),
(518, 76, 519),
(519, 76, 520),
(520, 76, 521),
(521, 77, 522),
(522, 77, 523),
(523, 77, 524),
(524, 77, 525),
(525, 77, 526),
(526, 77, 527),
(527, 77, 528),
(528, 78, 529),
(529, 78, 530),
(530, 78, 531),
(531, 78, 532),
(532, 78, 533),
(533, 78, 534),
(534, 78, 535),
(535, 79, 536),
(536, 79, 537),
(537, 79, 538),
(538, 79, 539),
(539, 79, 540),
(540, 79, 541),
(541, 79, 542),
(542, 80, 543),
(543, 80, 544),
(544, 80, 545),
(545, 80, 546),
(546, 80, 547),
(547, 80, 548),
(548, 80, 549),
(549, 81, 550),
(550, 81, 551),
(551, 81, 552),
(552, 81, 553),
(553, 81, 554),
(554, 81, 555),
(555, 81, 556),
(556, 82, 557),
(557, 82, 558),
(558, 82, 559),
(559, 82, 560),
(560, 82, 561),
(561, 82, 562),
(562, 82, 563),
(563, 83, 564),
(564, 83, 565),
(565, 83, 566),
(566, 83, 567),
(567, 83, 568),
(568, 83, 569),
(569, 83, 570),
(570, 84, 571),
(571, 84, 572),
(572, 84, 573),
(573, 84, 574),
(574, 84, 575),
(575, 84, 576),
(576, 84, 577),
(577, 85, 578),
(578, 85, 579),
(579, 85, 580),
(580, 85, 581),
(581, 85, 582),
(582, 85, 583),
(583, 85, 584),
(584, 86, 585),
(585, 86, 586),
(586, 86, 587),
(587, 86, 588),
(588, 86, 589),
(589, 86, 590),
(590, 86, 591),
(591, 87, 592),
(592, 87, 593),
(593, 87, 594),
(594, 87, 595),
(595, 87, 596),
(596, 87, 597),
(597, 87, 598),
(598, 88, 599),
(599, 88, 600),
(600, 88, 601),
(601, 88, 602),
(602, 88, 603),
(603, 88, 604),
(604, 88, 605),
(605, 89, 606),
(606, 89, 607),
(607, 89, 608),
(608, 89, 609),
(609, 89, 610),
(610, 89, 611),
(611, 89, 612),
(612, 90, 613),
(613, 90, 614),
(614, 90, 615),
(615, 90, 616),
(616, 90, 617),
(617, 90, 618),
(618, 90, 619),
(619, 91, 620),
(620, 91, 621),
(621, 91, 622),
(622, 91, 623),
(623, 91, 624),
(624, 91, 625),
(625, 91, 626),
(626, 92, 627),
(627, 92, 628),
(628, 92, 629),
(629, 92, 630),
(630, 92, 631),
(631, 92, 632),
(632, 92, 633),
(633, 92, 634),
(634, 92, 635),
(635, 93, 636),
(636, 93, 637),
(637, 93, 638),
(638, 93, 639),
(639, 93, 640),
(640, 93, 641),
(641, 93, 642),
(642, 94, 643),
(643, 94, 644),
(644, 94, 645),
(645, 94, 646),
(646, 94, 647),
(647, 94, 648),
(648, 94, 649),
(649, 95, 650),
(650, 95, 651),
(651, 95, 652),
(652, 95, 653),
(653, 95, 654),
(654, 95, 655),
(655, 95, 656),
(656, 95, 657),
(657, 96, 658),
(658, 96, 659),
(659, 96, 660),
(660, 96, 661),
(661, 96, 662),
(662, 96, 663),
(663, 97, 664),
(664, 97, 665),
(665, 97, 666),
(666, 97, 667),
(667, 97, 668),
(668, 97, 669),
(669, 98, 670),
(670, 98, 671),
(671, 98, 672),
(672, 98, 673),
(673, 98, 674),
(674, 98, 675),
(675, 98, 676),
(676, 99, 677),
(677, 99, 678),
(678, 99, 679),
(679, 99, 680),
(680, 99, 681),
(681, 99, 682),
(682, 99, 683),
(683, 100, 684),
(684, 100, 685),
(685, 100, 686),
(686, 100, 687),
(687, 100, 688),
(688, 100, 689),
(689, 100, 690),
(690, 101, 691),
(691, 101, 692),
(692, 101, 693),
(693, 101, 694),
(694, 101, 695),
(695, 101, 696),
(696, 101, 697),
(697, 102, 698),
(698, 102, 699),
(699, 102, 700),
(700, 102, 701),
(701, 102, 702),
(702, 102, 703),
(703, 102, 704),
(704, 103, 705),
(705, 103, 706),
(706, 103, 707),
(707, 103, 708),
(708, 103, 709),
(709, 103, 710),
(710, 103, 711),
(711, 104, 712),
(712, 104, 713),
(713, 104, 714),
(714, 104, 715),
(715, 104, 716),
(716, 104, 717),
(717, 104, 718),
(718, 105, 719),
(719, 105, 720),
(720, 105, 721),
(721, 105, 722),
(722, 105, 723),
(723, 105, 724),
(724, 105, 725),
(725, 105, 726),
(726, 105, 727),
(727, 106, 728),
(728, 106, 729),
(729, 106, 730),
(730, 106, 731),
(731, 106, 732),
(732, 106, 733),
(733, 106, 734),
(734, 106, 735),
(735, 106, 736),
(736, 107, 737),
(737, 107, 738),
(738, 107, 739),
(739, 107, 740),
(740, 107, 741),
(741, 107, 742),
(742, 108, 743),
(743, 108, 744),
(744, 108, 745),
(745, 109, 746),
(746, 109, 747),
(747, 109, 748),
(748, 109, 749),
(749, 109, 750),
(750, 109, 751),
(751, 109, 752),
(752, 110, 753),
(753, 110, 754),
(754, 110, 755),
(755, 110, 756),
(756, 110, 757),
(757, 110, 758),
(758, 111, 759),
(759, 111, 760),
(760, 111, 761),
(761, 111, 762),
(762, 111, 763),
(763, 111, 764),
(764, 111, 765),
(765, 112, 766),
(766, 112, 767),
(767, 112, 768),
(768, 112, 769),
(769, 112, 770),
(770, 112, 771),
(771, 112, 772),
(772, 113, 773),
(773, 113, 774),
(774, 113, 775),
(775, 113, 776),
(776, 113, 777),
(777, 113, 778),
(778, 113, 779),
(779, 114, 780),
(780, 114, 781),
(781, 114, 782),
(782, 114, 783),
(783, 114, 784),
(784, 114, 785),
(785, 114, 786),
(786, 115, 787),
(787, 115, 788),
(788, 115, 789),
(789, 115, 790),
(790, 115, 791),
(791, 115, 792),
(792, 116, 793),
(793, 116, 794),
(794, 116, 795),
(795, 116, 796),
(796, 116, 797),
(797, 116, 798),
(798, 116, 799),
(799, 117, 800),
(800, 117, 801),
(801, 117, 802),
(802, 117, 803),
(803, 117, 804),
(804, 117, 805),
(805, 117, 806),
(806, 117, 807),
(807, 117, 808),
(808, 117, 809),
(809, 118, 810),
(810, 118, 811),
(811, 118, 812),
(812, 118, 813),
(813, 118, 814),
(814, 118, 815),
(815, 118, 816),
(816, 118, 817),
(817, 119, 818),
(818, 119, 819),
(819, 119, 820),
(820, 119, 821),
(821, 119, 822),
(822, 119, 823),
(823, 119, 824),
(824, 120, 825),
(825, 120, 826),
(826, 120, 827),
(827, 120, 828),
(828, 120, 829),
(829, 120, 830),
(830, 120, 831),
(831, 121, 832),
(832, 121, 833),
(833, 121, 834),
(834, 121, 835),
(835, 121, 836),
(836, 121, 837),
(837, 122, 838),
(838, 122, 839),
(839, 122, 840),
(840, 123, 841),
(841, 123, 842),
(842, 123, 843),
(843, 123, 844),
(844, 123, 845),
(845, 123, 846),
(846, 123, 847),
(847, 124, 848),
(848, 124, 849),
(849, 124, 850),
(850, 124, 851),
(851, 124, 852),
(852, 124, 853),
(853, 125, 854),
(854, 125, 855),
(855, 125, 856),
(856, 125, 857),
(857, 125, 858),
(858, 125, 859),
(859, 125, 860),
(860, 126, 861),
(861, 126, 862),
(862, 126, 863),
(863, 126, 864),
(864, 126, 865),
(865, 126, 866),
(866, 126, 867),
(867, 127, 868),
(868, 127, 869),
(869, 127, 870),
(870, 127, 871),
(871, 127, 872),
(872, 127, 873),
(873, 127, 874),
(874, 128, 875),
(875, 128, 876),
(876, 128, 877),
(877, 128, 878),
(878, 128, 879),
(879, 128, 880),
(880, 128, 881),
(881, 129, 882),
(882, 129, 883),
(883, 129, 884),
(884, 129, 885),
(885, 129, 886),
(886, 129, 887),
(887, 129, 888),
(888, 130, 889),
(889, 130, 890),
(890, 130, 891),
(891, 130, 892),
(892, 130, 893),
(893, 130, 894),
(894, 130, 895),
(895, 131, 896),
(896, 131, 897),
(897, 131, 898),
(898, 131, 899),
(899, 131, 900),
(900, 131, 901),
(901, 131, 902),
(902, 132, 903),
(903, 132, 904),
(904, 132, 905),
(905, 132, 906),
(906, 132, 907),
(907, 132, 908),
(908, 132, 909),
(909, 133, 910),
(910, 133, 911),
(911, 133, 912),
(912, 133, 913),
(913, 133, 914),
(914, 133, 915),
(915, 133, 916),
(916, 134, 917),
(917, 134, 918),
(918, 134, 919),
(919, 134, 920),
(920, 134, 921),
(921, 134, 922),
(922, 134, 923),
(923, 134, 924),
(924, 135, 925),
(925, 135, 926),
(926, 135, 927),
(927, 135, 928),
(928, 135, 929),
(929, 135, 930),
(930, 135, 931),
(931, 136, 932),
(932, 136, 933),
(933, 136, 934),
(934, 136, 935),
(935, 136, 936),
(936, 136, 937),
(937, 136, 938),
(938, 137, 939),
(939, 137, 940),
(940, 137, 941),
(941, 137, 942),
(942, 137, 943),
(943, 137, 944),
(944, 137, 945),
(945, 138, 946),
(946, 138, 947),
(947, 138, 948),
(948, 138, 949),
(949, 138, 950),
(950, 138, 951),
(951, 138, 952),
(952, 138, 953),
(953, 138, 954),
(954, 139, 955),
(955, 139, 956),
(956, 139, 957),
(957, 139, 958),
(958, 139, 959),
(959, 139, 960),
(960, 139, 961),
(961, 140, 962),
(962, 140, 963),
(963, 140, 964),
(964, 140, 965),
(965, 140, 966),
(966, 140, 967),
(967, 140, 968),
(968, 141, 969),
(969, 141, 970),
(970, 141, 971),
(971, 141, 972),
(972, 141, 973),
(973, 141, 974),
(974, 141, 975),
(975, 142, 976),
(976, 142, 977),
(977, 142, 978),
(978, 142, 979),
(979, 142, 980),
(980, 142, 981),
(981, 142, 982),
(982, 143, 983),
(983, 143, 984),
(984, 143, 985),
(985, 143, 986),
(986, 143, 987),
(987, 143, 988),
(988, 143, 989),
(989, 144, 990),
(990, 144, 991),
(991, 144, 992),
(992, 144, 993),
(993, 144, 994),
(994, 144, 995),
(995, 144, 996),
(996, 145, 997),
(997, 145, 998),
(998, 145, 999),
(999, 145, 1000),
(1000, 145, 1001),
(1001, 145, 1002),
(1002, 145, 1003),
(1003, 146, 1004),
(1004, 146, 1005),
(1005, 146, 1006),
(1006, 146, 1007),
(1007, 146, 1008),
(1008, 146, 1009),
(1009, 146, 1010),
(1010, 147, 1011),
(1011, 147, 1012),
(1012, 147, 1013),
(1013, 147, 1014),
(1014, 147, 1015),
(1015, 147, 1016),
(1016, 147, 1017),
(1017, 148, 1018),
(1018, 148, 1019),
(1019, 148, 1020),
(1020, 148, 1021),
(1021, 148, 1022),
(1022, 148, 1023),
(1023, 148, 1024),
(1024, 149, 1025),
(1025, 149, 1026),
(1026, 149, 1027),
(1027, 149, 1028),
(1028, 149, 1029),
(1029, 149, 1030),
(1030, 149, 1031),
(1031, 150, 1032),
(1032, 150, 1033),
(1033, 150, 1034),
(1034, 150, 1035),
(1035, 150, 1036),
(1036, 150, 1037),
(1037, 150, 1038),
(1038, 151, 1039),
(1039, 151, 1040),
(1040, 151, 1041),
(1041, 151, 1042),
(1042, 151, 1043),
(1043, 151, 1044),
(1044, 151, 1045),
(1045, 152, 1046),
(1046, 152, 1047),
(1047, 152, 1048),
(1048, 152, 1049),
(1049, 152, 1050),
(1050, 152, 1051),
(1051, 152, 1052),
(1052, 153, 1053),
(1053, 153, 1054),
(1054, 153, 1055),
(1055, 153, 1056),
(1056, 153, 1057),
(1057, 153, 1058),
(1058, 153, 1059),
(1059, 154, 1060),
(1060, 154, 1061),
(1061, 154, 1062),
(1062, 154, 1063),
(1063, 154, 1064),
(1064, 154, 1065),
(1065, 154, 1066),
(1066, 155, 1067),
(1067, 155, 1068),
(1068, 155, 1069),
(1069, 155, 1070),
(1070, 155, 1071),
(1071, 155, 1072),
(1072, 155, 1073),
(1073, 156, 1074),
(1074, 156, 1075),
(1075, 156, 1076),
(1076, 156, 1077),
(1077, 156, 1078),
(1078, 156, 1079),
(1079, 156, 1080),
(1080, 157, 1081),
(1081, 158, 1082),
(1082, 159, 1083),
(1083, 160, 1084),
(1084, 161, 1085),
(1085, 162, 1086),
(1086, 163, 1087),
(1087, 164, 1088),
(1088, 165, 1089),
(1089, 166, 1090),
(1090, 167, 1091),
(1091, 168, 1092),
(1092, 169, 1093),
(1093, 169, 1094),
(1094, 169, 1095),
(1095, 169, 1096),
(1096, 169, 1097),
(1097, 169, 1098),
(1098, 169, 1099),
(1099, 170, 1100),
(1100, 171, 1101),
(1101, 172, 1102),
(1102, 172, 1103),
(1103, 172, 1104),
(1104, 172, 1105),
(1105, 172, 1106),
(1106, 172, 1107),
(1107, 172, 1108);

-- Clientes
INSERT INTO `clientes` (`ID`, `DOCUMENTO`, `DOCUMENTO_NRO`, `NOMBRE`, `TIPO`, `CORREO`, `TELEFONO`, `CELULAR`, `DIRECCION`, `ACTIVO`) VALUES
(1, 'NIT', '1090391426', 'Andrea Granados', 'Externo', '', '0', '0', 'Av 9 18-05 11 Noviembre', 'SI'),
(2, 'NIT', '901227400', 'Calzado D\'alvarez S.a.s', 'Externo', '', '5943171', '5943171', 'Cl 13  10  18 Brr El Contento', 'SI'),
(3, 'NIT', '901146394', 'Calzado Extraction San Cam Sas', 'Externo', '', '5739376', '5739376', 'Av 12 6 65 Brr Loma De Bolivar', 'SI'),
(4, 'NIT', '901309446', 'Calzado Lussett Sas', 'Externo', '', '3173134941', '3173134941', 'Cl 11  18 21 Brr Cundinamarca', 'SI'),
(5, 'NIT', '901292210', 'Calzado Maraldo Sas', 'Externo', '', '0', '0', 'Cl 12  14  43 Brr El Contento', 'SI'),
(6, 'NIT', '900583203', 'Calzado Sacha S.a.s', 'Externo', '', '6426094', '6426094', 'Cra 27  20  24  Brr San Francisco', 'SI'),
(7, 'NIT', '900430081', 'Calzado Yessicar Sas', 'Externo', '', '6978640', '6978640', 'Cl 14 15 46', 'SI'),
(8, 'NIT', '900248936', 'Cavar E.u.', 'Externo', '', '6708446', '6708446', 'Cl 31 # 13 - 46 Lc 5 Azul', 'SI'),
(9, 'NIT', '901091014', 'Comercializadora Fares J&s S.a.s', 'Externo', '', '5826634', '5826634', 'Av 16  10 52 Brr San Miguel', 'SI'),
(10, 'NIT', '811031573', 'Comercializadora Mexcolven E.u', 'Externo', '', '3155466876', '3155466876', 'Cl 8 A 70 A 22 P 3 Urb Quintas Del Plantio Brr La Mota', 'SI'),
(11, 'NIT', '900684165', 'Comercializadora Tacones Leo S.a.s', 'Externo', '', '3043886456', '3043886456', 'Cl 31  13 49 Lc 7 Brr Centro', 'SI'),
(12, 'NIT', '901326040', 'Creaciones Mia\'s Styles S.a.s', 'Externo', '', '5837204', '5837204', 'Cll 11  8 15 Brr La Playita', 'SI'),
(13, 'NIT', '900724791', 'Deportivos Nejer S.a.s', 'Externo', '', '6705308', '6705308', 'Cr 7  34 13', 'SI'),
(14, 'NIT', '901245418', 'Distribuidora Foca Cueros S.a.s', 'Externo', '', '5715872', '5715872', 'Av 10  8 61 Brr El Llano', 'SI'),
(15, 'NIT', '901358733', 'Grupo Empresarial Brioso Sas', 'Externo', '', '0', '0', 'Carrera 18  14 36 Barrio Mutualidad', 'SI'),
(16, 'NIT', '901310730', 'Grupo Empresarial Cl Sas', 'Externo', '', '0', '0', 'Cll 11 19 51', 'SI'),
(17, 'NIT', '900819973', 'Grupo Empresarial Gomez Vargas S.a.s', 'Externo', '', '5826060', '5826060', 'Cll  11  12  56', 'SI'),
(18, 'NIT', '800092777', 'Grupo Nova S.a.', 'Externo', '', '5781828', '5781828', 'Cll 18n  5  62  Zn Industrial', 'SI'),
(19, 'NIT', '901113062', 'Fabrica', 'Interno', '', '5837419', '5837419', 'Calle 11 No.12 - 34 El Llano', 'SI'),
(20, 'NIT', '901113062', 'Almacen Cucuta 1', 'Interno', '', '5837419', '5837419', 'Av. 10 No. 8 ? 80 ? Barrio El Llano', 'SI'),
(21, 'NIT', '901113062', 'Almacen Cucuta 2', 'Interno', '', '5837419', '5837419', 'Calle 10 No. 10 ? 43 ? Barrio El Llano', 'SI'),
(22, 'NIT', '901113062', 'Almacen Bucaramanga', 'Interno', '', '5837419', '5837419', 'Calle 31 No. 13 ? 07 ? Centro', 'SI'),
(23, 'NIT', '901113062', 'Almacen Bogota', 'Interno', '', '5837419', '5837419', 'Carrera 24f No. 19 ? 71 Sur ? Barrio Restrepo ', 'SI'),
(24, 'NIT', '901035251', 'Industrias Calzamark S.a.s', 'Externo', '', '3152591891', '3152591891', 'Av Libertadores Zona Franca Bg D4  5', 'SI'),
(25, 'NIT', '901246675', 'Industrias Dmt S.a.s', 'Externo', '', '5650062', '5650062', 'Cll 8  13  80 Brr Gramalote', 'SI'),
(26, 'NIT', '901201563', 'Jcr Automatic Shoes Sas', 'Externo', '', '0', '0', 'Calle 8 14 37 San Miguel', 'SI'),
(27, 'NIT', '1090371425', 'Lesly Xiomara Rodriguez Vargas', 'Externo', '', '3224854118', '3224854118', 'Av 21 16a 35 Gaitan', 'SI'),
(28, 'NIT', '901251677', 'Montoya Inversiones S.a.s', 'Externo', '', '8892526', '8892526', 'Cra 50  5a  66 Brr Tequendama', 'SI'),
(29, 'CC', '11', 'Peleteria Shadai Jakelin', 'Externo', '', '0', '0', 'Llano', 'SI'),
(30, 'NIT', '1090492866', 'Recuperadora Chucho', 'Externo', '', '0', '0', 'Cl 4 2 74 Brr Siete De Agosto', 'SI'),
(31, 'NIT', '901262785', 'Shoes Lopez Torrado S.a.s', 'Externo', '', '3163318617', '3163318617', 'Av 15 9 13 Brr San Miguel', 'SI'),
(32, 'NIT', '901357511', 'Vailarinas Sas', 'Externo', '', '5741728', '5741728', 'Cll 29 20-29santander', 'SI'),
(33, 'CC', '0', 'Varios', 'Externo', '', '0', '0', 'Varios', 'SI'),
(34, 'NIT', '901218454', 'Verde Menta Shoes S.a.s', 'Externo', '', '3112340437', '3112340437', 'Cl 10  14  110 Lc 2 Brr San Miguel', 'SI'),
(35, 'NIT', '13489595', 'Vladimir Prada Hernandez', 'Externo', '', '0', '0', 'San Miguel', 'SI'),
(36, 'CC', '1093736441', 'Acosta Carrillo Aidee', 'Externo', '', '0', '0', 'Cl 9 12 39 Brr El Llano', 'SI'),
(37, 'NIT', '1093781818', 'Acosta Carrilo Reinel David', 'Externo', '', '5497578', '5497578', 'Av 14 11 74 Brr El Contento', 'SI'),
(38, 'NIT', '60306061', 'Aguilar Cantor Romerina', 'Externo', '', '0', '0', 'Av 17  21 38 Brr Alfonso Lopez', 'SI'),
(39, 'NIT', '13276038', 'Alba Carrillo Gerardo Alfonzo', 'Externo', '', '0', '0', 'Calle 26 3-92 Portal De Los Calzares', 'SI'),
(40, 'NIT', '13870735', 'Aldana Aguilar Alvaro', 'Externo', '', '3104761177', '3104761177', 'Cr 12b  104a 15 Brr Manuela Beltran', 'SI'),
(41, 'NIT', '91283949', 'Almeida Javier', 'Externo', '', '6333899', '6333899', 'Cl 48 90 117', 'SI'),
(42, 'NIT', '1090515655', 'Alvarado Calderon Jose Luis', 'Externo', '', '3103373420', '3103373420', 'Mz 28 Lt 4 Brr Palmeras Parte Alta', 'SI'),
(43, 'NIT', '13476734', 'Alvarado Serrano Jose Luis', 'Externo', '', '5810413', '5810413', 'Mz 13 D 2 Lt 24  1 Brr Cucuta 75', 'SI'),
(44, 'NIT', '1090420638', 'Alvarez Caicedo Irene Sugey', 'Externo', '', '3166282772', '3166282772', 'Cl 18 21 30 Brr Gaitan', 'SI'),
(45, 'NIT', '5489888', 'Alvarez Lopez Raul', 'Externo', '', '3214238992', '3214238992', 'Cll 11  10 98 Brr El Llano', 'SI'),
(46, 'NIT', '88196964', 'Amaya Cordero Orlando', 'Externo', '', '3213320779', '3213320779', 'Av 16a  6b 18 Brr Loma De Bolivar', 'SI'),
(47, 'CE', '6029912', 'Amaya Jose Alfredo', 'Externo', '', '0', '0', 'Valencia - Venezuela', 'SI'),
(48, 'NIT', '88190836', 'Angarita Jurado Edgar', 'Externo', '', '3107781879', '3107781879', 'Cll 8 14-05 Gramalote', 'SI'),
(49, 'NIT', '1093750841', 'Angarita Velandia Anderson Johan', 'Externo', '', '5822614', '5822614', 'Av 20  29 51 Brr Santander', 'SI'),
(50, 'NIT', '13458252', 'Apolon Sierra German Alirio', 'Externo', '', '5821772', '5821772', 'Cll 22  23 32 Brr Gaitan', 'SI'),
(51, 'NIT', '1090385050', 'Aranda Uribe Juan Carlos', 'Externo', '', '3125348295', '3125348295', 'Av 19 8-49 San Miguel', 'SI'),
(52, 'CC', '5708037', 'Arciniegas Eugenio', 'Externo', '', '0', '0', 'Cll 111a 35 18', 'SI'),
(53, 'NIT', '27894816', 'Arciniegas Serpa Leydi Paola', 'Externo', '', '5729842', '5729842', 'Cl 10 10 60 Brr El Llano', 'SI'),
(54, 'NIT', '13719105', 'Arenas Higuera Hugo Alberto', 'Externo', '', '0', '0', 'Cl 28 Cra 12 Paseo De Feria', 'SI'),
(55, 'NIT', '13498354', 'Arevalo Meneses Hector Julio', 'Externo', '', '0', '0', 'Av 21an  22  95 Ca 5 Urb El Cortijo Brr San Jose', 'SI'),
(56, 'NIT', '1095918454', 'Arguello Jenny Andrea', 'Externo', '', '0', '0', 'Cra 15  16a 57', 'SI'),
(57, 'NIT', '1232402981', 'Arguello Ruiz Erick Emmanuel', 'Externo', '', '3142073717', '3142073717', 'Av 12a  16dn  51 Brr Maria Paz', 'SI'),
(58, 'NIT', '88249351', 'Arias Delgadillo Eliumer', 'Externo', '', '3003454740', '3003454740', 'Cll 22 12 105 Brr Alfonso Lopez', 'SI'),
(59, 'NIT', '88231206', 'Arias Osorio Yorly Alexander', 'Externo', '', '5720728', '5720728', 'Av 12  15 15 Brr El Contento', 'SI'),
(60, 'CC', '91436039', 'Barios Pedro Pablo', 'Externo', '', '0', '0', 'Calle 10b  17  38', 'SI'),
(61, 'NIT', '91521304', 'Baron Anaya Vladimir', 'Externo', '', '6790866', '6790866', 'Cra 5  13  15 P 1 Ca 1 Brr Santa Ana', 'SI'),
(62, 'NIT', '13476072', 'Barreto Arambula Juan Edgar', 'Externo', '', '5952221', '5952221', 'Av 12  13 35 Brr Contento', 'SI'),
(63, 'NIT', '88249842', 'Barreto Osma Jhon Jose', 'Externo', '', '3167405169', '3167405169', 'Av 28  14a 67 Brr Reposo', 'SI'),
(64, 'NIT', '1090465501', 'Barrios Bohorquez Jhon Edicson', 'Externo', '', '5825752', '5825752', 'Cl 10  14 64 Brr Cundinamarca', 'SI'),
(65, 'NIT', '1090414397', 'Barrios Bohorquez Yhonatan', 'Externo', '', '5825752', '5825752', 'Cl 11  19 47 Brr Cundinamarca', 'SI'),
(66, 'NIT', '1098744386', 'Bayona Cala Hamilton Orlando', 'Externo', '', '6525361', '6525361', 'Cl 31  13 Occ 87 Brr Santander', 'SI'),
(67, 'NIT', '91536015', 'Becerra Correa Jose Antonio', 'Externo', '', '3134512004', '3134512004', 'Cr 5 14 N 77', 'SI'),
(68, 'CC', '2', 'Beltran Sabino Humberto', 'Externo', '', '0', '0', 'Loma De Bolivar', 'SI'),
(69, 'NIT', '15817466', 'Benavides Muñoz Jair Armando', 'Externo', '', '3147050441', '3147050441', 'Brr Las Americas', 'SI'),
(70, 'CE', '12754909', 'Betancour Sergio', 'Externo', '', '4144729573', '4144729573', 'Valencia - Venezuela', 'SI'),
(71, 'NIT', '88225444', 'Boada Ropero David Jesus', 'Externo', '', '5814744', '5814744', 'Av 18  17n 281 P 1 Brr Los Lauereles', 'SI'),
(72, 'NIT', '63483310', 'Bohorquez Lizcano Ruth', 'Externo', '', '5825752', '5825752', 'Cll 11 19 47 Brr Cundinamarca', 'SI'),
(73, 'NIT', '13494300', 'Buendia Melo Jose Otoniel', 'Externo', '', '0', '0', 'Mz B Lt 8 Parte Alta Brr Tucunare', 'SI'),
(74, 'NIT', '1093771443', 'Caicedo Montesinos Eloy Ramon', 'Externo', '', '3012271302', '3012271302', 'Cl 21a  10 60 Brr Cuberos Niños', 'SI'),
(75, 'NIT', '1090504682', 'Calderon Blanco Lady Paola', 'Externo', '', '0', '0', 'Mz 1 Ca 15 Conj Vegas Del Rio', 'SI'),
(76, 'NIT', '19680118', 'Calderon Castiblanco Luis Carlos', 'Externo', '', '3182962816', '3182962816', 'Cra 29  66  33 Ap 202 Brr Puerta Del Sol', 'SI'),
(77, 'CC', '1093784915', 'Calderon Contreras Andres', 'Externo', '', '5950657', '5950657', 'Cll 8  10  33 Brr El Llano', 'SI'),
(78, 'CC', '6', 'Calderon Gerson Enrique', 'Externo', '', '0', '0', 'Carora', 'SI'),
(79, 'NIT', '13635694', 'Camacho Ricaurte', 'Externo', '', '0', '0', 'Cra 25 18 33', 'SI'),
(80, 'NIT', '1090366055', 'Cardozo Valencia Erika Maritza', 'Externo', '', '5789385', '5789385', 'Av 11a 5 38 Brr Loma De Bolivar', 'SI'),
(81, 'NIT', '88264079', 'Carreño Sanchez Edgar', 'Externo', '', '2317043', '2317043', 'Cl 48  49 42 Of 504', 'SI'),
(82, 'NIT', '88255698', 'Carreño Sanchez Marlon Severo', 'Externo', '', '5785259', '5785259', 'Cl 3 4 10 Brr Motilones', 'SI'),
(83, 'NIT', '88236694', 'Carrillo Becerra Chaneli', 'Externo', '', '3164224565', '3164224565', 'Cl 4 1 60 Barrio 7 De Agosto', 'SI'),
(84, 'NIT', '88257727', 'Carrillo Beltran Luis Eduardo', 'Externo', '', '5828982', '5828982', 'Av 14a  22 42 Brr Alfonso Lopez', 'SI'),
(85, 'NIT', '91228885', 'Carvajal Alvaro', 'Externo', '', '0', '0', 'Calle 38  23 13 El Poblado', 'SI'),
(86, 'NIT', '60310256', 'Carvajal Burgos Lola', 'Externo', '', '5789608', '5789608', 'Av 15 23 79 Brr Alfonzo Lopez', 'SI'),
(87, 'NIT', '88231627', 'Castañeda Ruben Dario', 'Externo', '', '0', '0', 'Av 32 31 40 La Pastora', 'SI'),
(88, 'NIT', '60355544', 'Chacon Paez Alcira', 'Externo', '', '3116156546', '3116156546', 'Cl 23  16 61 Brr Gaitan', 'SI'),
(89, 'CC', '1090477519', 'Chacon Parra Henry Daniel', 'Externo', '', '0', '0', 'Av 19  7a  20  Brr San Miguel', 'SI'),
(90, 'NIT', '13480355', 'Chavarria Reyes Omar', 'Externo', '', '3102308661', '3102308661', 'Cl 9 12  72 Brr El Llano', 'SI'),
(91, 'NIT', '13471286', 'Conde  Jairo Antonio', 'Externo', '', '5823443', '5823443', 'Cl 23a  18b  32 Brr Galan', 'SI'),
(92, 'CC', '88221343', 'Contreras Mendez Denis Ricardo', 'Externo', '', '0', '0', 'Carora', 'SI'),
(93, 'NIT', '60351997', 'Contreras Peñaloza Maria Beatris', 'Externo', '', '5710129', '5710129', 'Cl 8  10 33 Brr El Llano', 'SI'),
(94, 'NIT', '60379834', 'Contreras Xiomara', 'Externo', '', '3115810731', '3115810731', 'Calle 13 15a 39 Contento', 'SI'),
(95, 'NIT', '37617275', 'Correa Carmen Yomaira', 'Externo', '', '0', '0', 'Calle 11a 20-44 Cundinamarca', 'SI'),
(96, 'NIT', '13480559', 'Cuadros Botello Juan Jose', 'Externo', '', '0', '0', 'Cl 17 21 68 Brr Gaitan', 'SI'),
(97, 'CC', '8', 'Cuellar Claribel', 'Externo', '', '0', '0', 'San Miguel', 'SI'),
(98, 'NIT', '37278502', 'Cuellar Ortiz Caribel', 'Externo', '', '5824032', '5824032', 'Cll 8 16 46 Brr San Miguel', 'SI'),
(99, 'NIT', '63527159', 'Delgado Zamora Dexy Coromot', 'Externo', '', '5502495', '5502495', 'Cl 13  10 62 Brr El Contento', 'SI'),
(100, 'CC', '80886872', 'Diaz Orlando', 'Externo', '', '2418471573', '2418471573', 'Urb Brisas Del Sur Cl Independecia No.86', 'SI'),
(101, 'CC', '17952206', 'Duarte Jose Antonio', 'Externo', '', '0', '0', 'Cll 44 6 95', 'SI'),
(102, 'NIT', '63330642', 'Duarte Suarez Olga Patricia', 'Externo', '', '0', '0', 'Centro Cial La Isla Local 602  1er Piso', 'SI'),
(103, 'NIT', '1090393046', 'Duran Carvaja Jose Henry', 'Externo', '', '5820007', '5820007', 'Av 16  23  16 Brr Alfonso Lopez', 'SI'),
(104, 'NIT', '91493971', 'Estevez Arciniegas Jorge', 'Externo', '', '6821332', '6821332', 'Cra 9 11  131 Brr Santa Ana', 'SI'),
(105, 'NIT', '88225683', 'Estevez Grateron William', 'Externo', '', '5721388', '5721388', 'Cl 10  6  81 Lc 2094 Cc Oiti', 'SI'),
(106, 'NIT', '700123861', 'Estupian Suarez Astrid Yurley', 'Externo', '', '3213821418', '3213821418', 'Cl 10  11  87 Brr El Llano', 'SI'),
(107, 'NIT', '60320447', 'Ferrer Daza Ana Isabel', 'Externo', '', '5825038', '5825038', 'Cl 15  17 05 Brr El Contento', 'SI'),
(108, 'NIT', '13492099', 'Figueroa Gualdron Charles Enrique', 'Externo', '', '5848550', '5848550', 'Av 11 2 38 Brr Alto Pamplonita', 'SI'),
(109, 'NIT', '1095907023', 'Florez Juan Carlos', 'Externo', '', '0', '0', 'Cra 7w  65 29', 'SI'),
(110, 'NIT', '60408662', 'Forero Buitrago Ludy', 'Externo', '', '0', '0', 'Cl 10 11-55 Brr El Llano', 'SI'),
(111, 'CC', '88196635', 'Galban Gonzales Isodoro', 'Externo', '', '0', '0', 'San Jose', 'SI'),
(112, 'NIT', '1090508731', 'Galvan Laiton Deyby Bladymyr', 'Externo', '', '3023251906', '3023251906', 'Av 16 24-40 Lopez', 'SI'),
(113, 'NIT', '88204615', 'Galvan Ortega Carlos Arturo', 'Externo', '', '0', '0', 'Av 10 111 87  Brr El Llano', 'SI'),
(114, 'NIT', '88246557', 'Gamboa Rodriguez Alonso', 'Externo', '', '5833639', '5833639', 'Cll 5n  18e  39 Urb Playa Hermosa', 'SI'),
(115, 'NIT', '13473889', 'Gamez Velandia Roque Ivan', 'Externo', '', '0', '0', 'Cll 23 12-29 Lopez', 'SI'),
(116, 'NIT', '60370881', 'Garcia Carrillo Maury Anchiney', 'Externo', '', '5834770', '5834770', 'Cl 10  9  90 Brr El Llano', 'SI'),
(117, 'NIT', '1004877420', 'Garcia Cuellar Andres Felipe', 'Externo', '', '3166913566', '3166913566', 'Cl 8  16 46 Brr San Miguel', 'SI'),
(118, 'NIT', '60379759', 'Garcia Perez Hilda', 'Externo', '', '5822871', '5822871', 'Av 19  8  26 Brr San Miguel', 'SI'),
(119, 'NIT', '1090444097', 'Garcia Sanchez Andersson Omar', 'Externo', '', '3125083515', '3125083515', 'Cll 11  15 50 Brr El Llano', 'SI'),
(120, 'CC', '4', 'Garcia Sergio', 'Externo', '', '0', '0', 'San Miguel', 'SI'),
(121, 'NIT', '88244218', 'Gelvez Duran Froilan Enrique', 'Externo', '', '5944540', '5944540', 'Cl 12   11   64 Brr El Contento', 'SI'),
(122, 'NIT', '37176574', 'Gomez Lagos Elda', 'Externo', '', '3213888980', '3213888980', 'Cl 12  6  68 Brr Niña Ceci', 'SI'),
(123, 'CC', '1147939446', 'Gonzalez Emiliano Jose', 'Externo', '', '0', '0', 'Cl 29  6 39', 'SI'),
(124, 'NIT', '13276711', 'Granados Hernandez Edinson', 'Externo', '', '3144348416', '3144348416', 'Av 0 1n 46 Brr Lleras', 'SI'),
(125, 'NIT', '60330424', 'Gutierrez Ortega Carmen Xiomara', 'Externo', '', '5826772', '5826772', 'Av19  7b  47 Brr Sanmiguel', 'SI'),
(126, 'NIT', '98539370', 'Hernandez Arce Daniel', 'Externo', '', '2885770', '2885770', 'Cr 80  20a  197', 'SI'),
(127, 'NIT', '88256892', 'Hernandez Jose Luis', 'Externo', '', '3204175402', '3204175402', 'Av 19 8-64 San Miguel', 'SI'),
(128, 'NIT', '1090440989', 'Herrera Bermon Miguel Angel', 'Externo', '', '5825715', '5825715', 'Av 16a  64  31 Brr Loma Bolivar', 'SI'),
(129, 'NIT', '13477334', 'Herrera Villacid Miguel Angel', 'Externo', '', '5717750', '5717750', 'Cll 10  14  68  74  Brr San Miguel', 'SI'),
(130, 'NIT', '38563456', 'Hoyos Lasso Paola Andrea', 'Externo', '', '0', '0', 'Carrera 24d 18 75 Brr Restrepo', 'SI'),
(131, 'CC', '10', 'Hoyos Paula', 'Externo', '', '0', '0', 'Bogota', 'SI'),
(132, 'CC', '5184769', 'Iguaran Harry', 'Externo', '', '0', '0', 'Cra 25  18 A 36', 'SI'),
(133, 'NIT', '5535138', 'Jacome Caceres Jaime Alberto', 'Externo', '', '0', '0', 'Cl 13 51 Brr Carora', 'SI'),
(134, 'CC', '88223725', 'Jacome Jaime Ivan Esneider', 'Externo', '', '5759376', '5759376', 'Av 12 6 65 Brr Loma Bolivar', 'SI'),
(135, 'NIT', '1090399574', 'Jaimes Diaz Jean Francisco', 'Externo', '', '3045236898', '3045236898', 'Av 13 A 21 46 Brr Alfonso Lopez', 'SI'),
(136, 'CC', '5', 'Jaimes Juan Carlos', 'Externo', '', '0', '0', 'Cundinamarca', 'SI'),
(137, 'NIT', '1090445059', 'Jaimes Rincon Desyre Dayana', 'Externo', '', '3123154389', '3123154389', 'Cl 13 A 21 37 Brr Alfonso Lopez', 'SI'),
(138, 'NIT', '13445252', 'Jaimes Soto Juan Jose', 'Externo', '', '5496497', '5496497', 'Tv 17  7  89 P 1 Brr San Miguel', 'SI'),
(139, 'NIT', '88239180', 'Jaramillo Gonzales Hector Fabian', 'Externo', '', '0', '0', 'Av 21 11 64 Cundinamarca', 'SI'),
(140, 'CC', '88189223', 'Larrota Vesga Yofre Wilmer', 'Externo', '', '3163990222', '3163990222', 'Cl 58  1w  88 Brr El Mutis', 'SI'),
(141, 'NIT', '1095834395', 'Laserna Andres Felipe', 'Externo', '', '0', '0', 'Cra 19 Occ 36  28 La Joya', 'SI'),
(142, 'CC', '1118828069', 'Leon Arnoldo', 'Externo', '', '0', '0', 'Centro Comercial El Paseo Local3', 'SI'),
(143, 'NIT', '37225847', 'Lindarte De Peña Martha Amparo', 'Externo', '', '5792530', '5792530', 'Av 5 Numero 1a-38 B La Merced', 'SI'),
(144, 'NIT', '1090384087', 'Lopez Contreras Francy Yaneth', 'Externo', '', '5891165', '5891165', 'Av 1e  2  59  Brr Ceiba I', 'SI'),
(145, 'CC', '26759529', 'Lopez Crespo Olga Rosa', 'Externo', '', '0', '0', 'Cl 11a  10 35', 'SI'),
(146, 'CC', '1095932757', 'Lopez Pedro Jose', 'Externo', '', '0', '0', 'Cl 16a 20 34 Villa Rosa', 'SI'),
(147, 'NIT', '13511147', 'Lucena Riatiga Cesar Augusto', 'Externo', '', '6425425', '6425425', 'Cra 19 W  36 28 Brr La Joya', 'SI'),
(148, 'NIT', '13455204', 'Maldonado Carreño Heriberto', 'Externo', '', '3134545557', '3134545557', 'Av 10a  0  52 Brr Pueblo Nuevo', 'SI'),
(149, 'NIT', '1090464016', 'Maldonado Romero Stephany Yaleni', 'Externo', '', '3112150042', '3112150042', 'Cll 12  14  43 Brr El Contento', 'SI'),
(150, 'NIT', '1098732309', 'Manco Capataz Katherine Julieth', 'Externo', '', '6828273', '6828273', 'Cra 34  109  23  Brr Caldas', 'SI'),
(151, 'NIT', '60311086', 'Marin Susan Amparo', 'Externo', '', '5830256', '5830256', 'Av 9 9 79 Brr El Llano', 'SI'),
(152, 'NIT', '60282033', 'Marquez Ariza Rosa Elvira', 'Externo', '', '5722726', '5722726', 'Av 19  11  58 Brr Cundinamarca', 'SI'),
(153, 'NIT', '1090512139', 'Marquez Gonzalez Marlon Alberto', 'Externo', '', '0', '0', 'Av 16 7 61 Brr Loma De Bolivar', 'SI'),
(154, 'NIT', '88233358', 'Marquez Guerrero Victor Emir', 'Externo', '', '5942443', '5942443', 'Cll 9  12  57 Brr El Llano', 'SI'),
(155, 'NIT', '63494573', 'Martinez Erlinda', 'Externo', '', '0', '0', 'Cl 111a  45 15', 'SI'),
(156, 'NIT', '13504868', 'Martinez Hernandez Carlos Alberto', 'Externo', '', '5731142', '5731142', 'Av 10  9  74  Brr El Llano', 'SI'),
(157, 'NIT', '1098612351', 'Martinez Martinez Mireya', 'Externo', '', '6303917', '6303917', 'Calle 37  1 60 Piso 2 Barrio La Joya', 'SI'),
(158, 'NIT', '1090457207', 'Medrano Suarez Andrea Paola', 'Externo', '', '5823032', '5823032', 'Cl 11  19 38 Brr Cundinamarca', 'SI'),
(159, 'NIT', '91292062', 'Mendoza Niño Wilson', 'Externo', '', '6730707', '6730707', 'Cra 12  15n  81', 'SI'),
(160, 'NIT', '1098784542', 'Mendoza Sanchez Angie Tatiana', 'Externo', '', '3106138743', '3106138743', 'Cl 24 10 23', 'SI'),
(161, 'CC', '1', 'Meneses Anais', 'Externo', '', '0', '0', 'Venezuela', 'SI'),
(162, 'NIT', '13461639', 'Meneses Castro Dagoberto', 'Externo', '', '5893708', '5893708', 'Av 10  11  47 Brr El Llano', 'SI'),
(163, 'NIT', '88225745', 'Meneses Rivero Alvaro Alberto', 'Externo', '', '5831722', '5831722', 'Av 6  7  64  Brr El Centro', 'SI'),
(164, 'NIT', '1232396102', 'Meneses Sanchez Sonia Anais', 'Externo', '', '3133124600', '3133124600', 'Con Villas De Serranova Anillo Vial Ca K 18', 'SI'),
(165, 'CC', '1090482496', 'Merchan Medina Marlon', 'Externo', '', '3208316528', '3208316528', 'Barrio El Contenro\r\n Barrio El Contento', 'SI'),
(166, 'NIT', '1090482496', 'Merchan Medina Marlon Johelmy', 'Externo', '', '3158208645', '3158208645', 'Cl 25  18b  05 Brr Santander', 'SI'),
(167, 'CC', '13701074', 'Mesa Pastor', 'Externo', '', '0', '0', 'Cl 26 4 32', 'SI'),
(168, 'NIT', '91254976', 'Millan Blanco Edgar', 'Externo', '', '3188372314', '3188372314', 'Cra 35  92  170  To 1 Ap 802 Conj Germania', 'SI'),
(169, 'NIT', '1107059275', 'Miranda Cindy', 'Externo', '', '0', '0', 'Cll 10  11  73 Brr El Llano', 'SI'),
(170, 'NIT', '5750771', 'Mirnda Sierra Manuel', 'Externo', '', '3256474', '3256474', 'Carrera 50 # 45 -87', 'SI'),
(171, 'NIT', '88215543', 'Mojica Gutierrez Julio Cesar', 'Externo', '', '3202481800', '3202481800', 'Av 10  8  70 Lc2  Brr El Llano', 'SI'),
(172, 'NIT', '37390342', 'Molina Jaimes Eliana Astrid', 'Externo', '', '5710578', '5710578', 'Cll 8  10 16 Brr El Llano', 'SI'),
(173, 'NIT', '88210667', 'Mondragon Vera Tito', 'Externo', '', '0', '0', 'Cll 9 1 O 88 Brr El Llano', 'SI'),
(174, 'NIT', '1098667607', 'Montañez Jhon', 'Externo', '', '0', '0', 'Cl 52 15 40', 'SI'),
(175, 'NIT', '88200074', 'Montaño Florez Misael', 'Externo', '', '3184110214', '3184110214', 'Av 2  12  22  Brr La Playa', 'SI'),
(176, 'NIT', '91241205', 'Montenegro Olman', 'Externo', '', '0', '0', 'Cra 8 3 41 Brr Gullanita', 'SI'),
(177, 'NIT', '13468930', 'Moreno Gomez Anibal', 'Externo', '', '5710540', '5710540', 'Cll  9  20  33  Brr San Miguel', 'SI'),
(178, 'NIT', '13720409', 'Moreno Rincon Jose Luis', 'Externo', '', '6495574', '6495574', 'Cra 11a  49  27 Brr Jose A Morales', 'SI'),
(179, 'NIT', '71381149', 'Moreno Sanchez Wilder Arley', 'Externo', '', '3008954442', '3008954442', 'Calle 48 49-42 Edificio San Roque', 'SI'),
(180, 'NIT', '88198436', 'Navarro Carrillo Carlos Enrique', 'Externo', '', '5955503', '5955503', 'Mz A 2 Lt 23 Brr Tucunare Parte Alta', 'SI'),
(181, 'NIT', '1090415744', 'Niño Ovalles Luis Eduardo', 'Externo', '', '5823445', '5823445', 'Av 20a  12a  34 Brr Cundinamarca', 'SI'),
(182, 'NIT', '60375417', 'Ochoa Martinez Miryam Jacqueline', 'Externo', '', '5845955', '5845955', 'Av 10  8 37  Brr El Llano', 'SI'),
(183, 'NIT', '60392597', 'Omaña Vergel Lety Xiomara', 'Externo', '', '5795347', '5795347', 'Av5  11 19 Brr Motilones', 'SI'),
(184, 'CC', '9', 'Ordoñez Julio', 'Externo', '', '0', '0', 'San Miguel', 'SI'),
(185, 'NIT', '56099165', 'Ortega Amaya Carmen Teresa', 'Externo', '', '0', '0', 'Calle 11 9-12 Llano', 'SI'),
(186, 'NIT', '63320608', 'Ortega Cuadros Janeth', 'Externo', '', '5830021', '5830021', 'Av 14  10  27  Brr Llano', 'SI'),
(187, 'NIT', '37616886', 'Ortiz Erika', 'Externo', '', '6326396', '6326396', 'Cra 50 27 35 Albania', 'SI'),
(188, 'NIT', '1090405742', 'Ortiz Fuentes Deysi Belen', 'Externo', '', '3204582632', '3204582632', 'Cl 21a 19 72 Brr San Jose', 'SI'),
(189, 'NIT', '25180094', 'Ortiz Galviz Rosa Maria', 'Externo', '', '0', '0', 'Cll 13 M 6 62 Brr Centro', 'SI'),
(190, 'NIT', '37365534', 'Ovallos Ana Del Socorro', 'Externo', '', '0', '0', '', 'SI'),
(191, 'CE', '13409069', 'Pabon Colmenares Pedro', 'Externo', '', '2127463326', '2127463326', 'Urbanizacion El Palotal Sector B Vereda 13  137', 'SI'),
(192, 'CC', '77175438', 'Pacheco Adalberto', 'Externo', '', '0', '0', 'Cl 7 12 20', 'SI'),
(193, 'NIT', '91280582', 'Palomino Raul', 'Externo', '', '6356216', '6356216', 'Cra 25  7a 30', 'SI'),
(194, 'NIT', '13462928', 'Parra Acevedo Orlando', 'Externo', '', '0', '0', 'Cl 24 10 61 Brr Bellavista', 'SI'),
(195, 'CC', '13500069', 'Pedraza Hernando Paez', 'Externo', '', '5814053', '5814053', 'Av 8 9-79 Doña Nidia', 'SI'),
(196, 'CC', '123456', 'Pendiente Pendiente', 'Externo', '', '5837419', '5837419', 'Calle 11 12-34 El Llano', 'SI'),
(197, 'CE', '11462005', 'Peña Braulio', 'Externo', '', '4247170599', '4247170599', 'Merida', 'SI'),
(198, 'NIT', '1090440117', 'Peñaranda Monroy Jose Alfredo', 'Externo', '', '5946318', '5946318', 'Cl 8  14 28 Brr San Miguel', 'SI'),
(199, 'NIT', '1090464982', 'Perez Abril Anderson Raul', 'Externo', '', '3112517291', '3112517291', 'Cl 8  3  26  Brr Ospina Perez H', 'SI'),
(200, 'NIT', '13497868', 'Perez Serrano Edilberto', 'Externo', '', '5787544', '5787544', 'Mz  R 3  Lt 7 Et I  Atalaya', 'SI'),
(201, 'NIT', '30398131', 'Pineda Hoyos Diana Del Pilar', 'Externo', '', '5725712', '5725712', 'Av 10  9  04  Brr El Llano', 'SI'),
(202, 'NIT', '88229313', 'Pinzon Villamizar Hector Alonso', 'Externo', '', '5729171', '5729171', 'Cll 11  17 33  Brr Cundinamarca', 'SI'),
(203, 'NIT', '63530433', 'Piñerez Paola', 'Externo', '', '6305009', '6305009', 'Calle  23  9 70', 'SI'),
(204, 'CC', '15517173', 'Porras Juan Gabriel', 'Externo', '', '0', '0', 'Cl 13  15 23', 'SI'),
(205, 'NIT', '60398444', 'Porras Tavera Flor Jesenia', 'Externo', '', '5717600', '5717600', 'Av 17  13  27  Brr El Contento', 'SI'),
(206, 'NIT', '91249052', 'Prada Parada William', 'Externo', '', '6334294', '6334294', 'Cll 32  14  20', 'SI'),
(207, 'NIT', '1090393404', 'Prato Moreno Jenny Paola', 'Externo', '', '5825044', '5825044', 'Av 12 21 46 Brr Alfonso Lopez', 'SI'),
(208, 'NIT', '60345687', 'Pulido  Rueda Aura Maria', 'Externo', '', '5820127', '5820127', 'Cll  18  21  24  Brr Gaitan', 'SI'),
(209, 'NIT', '60291210', 'Quintero  Elvira Judith', 'Externo', '', '5834542', '5834542', 'Av 10 11 47 Barrio El Llano', 'SI'),
(210, 'NIT', '1090382331', 'Quintero Gonzalez Adriana', 'Externo', '', '0', '0', 'Av 10   9   15 Brr El Llano', 'SI'),
(211, 'CC', '91500211', 'Quiroga Freddy', 'Externo', '', '0', '0', 'Cl 105 104e 196 T6-204', 'SI'),
(212, 'NIT', '1098642985', 'Quitian Yeison', 'Externo', '', '6348092', '6348092', 'Calle 19 26 25', 'SI'),
(213, 'NIT', '13486989', 'Ramirez Castrillon Lorenzo Enrique', 'Externo', '', '5822988', '5822988', 'Cll 22  12 31 Brr Alfonoso Lopez', 'SI'),
(214, 'NIT', '60334604', 'Rangel Sandra', 'Externo', '', '4294967295', '4294967295', 'Av 11  10  28 Brrr El Llano', 'SI'),
(215, 'CC', '91248926', 'Rey Luis Adrian', 'Externo', '', '0', '0', 'Calle 6 9 62', 'SI'),
(217, 'NIT', '37218939', 'Rincon De Rozo Albertina', 'Externo', '', '5710712', '5710712', 'Cll 12a  18  86 Brr Cundinamarca', 'SI'),
(218, 'NIT', '63523886', 'Rincon Marconi Sandra Milena', 'Externo', '', '6715781', '6715781', 'Cl 31  13  18 Lc 3  Brr Centro', 'SI'),
(219, 'NIT', '1090471973', 'Rodriguez Hender Johan', 'Externo', '', '0', '0', 'Av 21 11a 35 Brr Gaitan', 'SI'),
(220, 'NIT', '91467076', 'Rodriguez Sanabria Fredy', 'Externo', '', '3184350072', '3184350072', 'Cl 8  10 06  Brr El Llano', 'SI'),
(221, 'CC', '1232393486', 'Rojas Blanca Ligia', 'Externo', '', '0', '0', 'Cl 28 Cra 12 Paseo La Feria', 'SI'),
(222, 'NIT', '88194855', 'Rojas Mesa Elber', 'Externo', '', '0', '0', 'Av 10 Nro 9-82', 'SI'),
(223, 'NIT', '88199067', 'Rojas Peña Lumar Alfonso', 'Externo', '', '6428837', '6428837', 'Cl 31  13  43  Brr Garcia Rovira', 'SI'),
(224, 'NIT', '91474963', 'Rojas Rojas Alvaro', 'Externo', '', '6462074', '6462074', 'Cl 32 A  11 C  03 Portal De Castilla', 'SI'),
(225, 'NIT', '88262411', 'Rolon Duran Dario', 'Externo', '', '3153076769', '3153076769', 'Cl 25  14a  64 Brr Alfonso Lopez', 'SI'),
(226, 'NIT', '88263483', 'Roman Carreño Marlon Leonardo', 'Externo', '', '3204057931', '3204057931', 'Cl 7  13  73  Brr Loma Bolivar', 'SI'),
(227, 'NIT', '88263874', 'Ropero Torres Arles', 'Externo', '', '5786125', '5786125', 'Cl 22  0 43  Brr Ospina Perez', 'SI'),
(228, 'NIT', '88251767', 'Rosas Marlon Giovany', 'Externo', '', '3108713029', '3108713029', 'Av 15 23-44 Lopez', 'SI'),
(229, 'NIT', '13503030', 'Rozo Rincon Giovanny Enrique', 'Externo', '', '5710712', '5710712', 'Cll 12a 18 86 Cundinamarca', 'SI'),
(230, 'CC', '63550723', 'Rueda Sandra Milena', 'Externo', '', '0', '0', 'Cl 16d  1 22', 'SI'),
(231, 'NIT', '91475963', 'Russi Rodriguez Freddy Alfonso', 'Externo', '', '6316360', '6316360', 'Cr 17 A  88  45 Brr San Luis', 'SI'),
(232, 'NIT', '1098647396', 'Sajonero Gomez Lady Diana', 'Externo', '', '3175125407', '3175125407', 'Cl 12  6  68 Brr Niña Ceci', 'SI'),
(233, 'NIT', '13508517', 'Salazar Bastos Edilberto', 'Externo', '', '5813904', '5813904', 'Mz 33  Lt 11 Palmeras', 'SI'),
(234, 'NIT', '27592944', 'Salazar Rincon Marisol', 'Externo', '', '5949062', '5949062', 'Mz 13 D1 Lote 17c Cucuta 75', 'SI'),
(235, 'CC', '88206592', 'Sanabria Euler', 'Externo', '', '0', '0', 'Cll 28 A 5 50 Brr Buenos Aires', 'SI'),
(236, 'NIT', '88236723', 'Sanabria Vera Marcos Fidel', 'Externo', '', '5789850', '5789850', 'Cl 14  14  50 Brr El Contento', 'SI'),
(237, 'NIT', '1090397256', 'Sanchez Diaz Nelson Andres', 'Externo', '', '5827456', '5827456', 'Cl 23  12  22  Brr Alfonso Lopez', 'SI'),
(238, 'NIT', '88211752', 'Sanchez Rolon Jose Luis', 'Externo', '', '5720087', '5720087', 'Cll 17  9  60  Brr El Contento', 'SI'),
(239, 'CC', '6', 'Sanguino Jonerge', 'Externo', '', '0', '0', 'Cucuta', 'SI'),
(240, 'NIT', '88224789', 'Sanguino Trujillo Yonerge', 'Externo', '', '5814744', '5814744', 'Av 18a  17n  281 P 1 Brr Los Laureles', 'SI'),
(241, 'NIT', '13471510', 'Santander Duarte Jose Antonio', 'Externo', '', '5825147', '5825147', 'Av 20 11 73 Brr Cundinamarca', 'SI'),
(242, 'NIT', '91271424', 'Santos Reyes Alvaro', 'Externo', '', '6325856', '6325856', 'Cl 18  24  05 Brr San Francisco', 'SI'),
(243, 'CC', '13755323', 'Sarmiento Luis', 'Externo', '', '0', '0', 'Cl 42 8 32', 'SI'),
(244, 'NIT', '1045714527', 'Serrano Millano Johan Sebastian', 'Externo', '', '3514923', '3514923', 'Cl 34  38  67 P 3 Ap 16', 'SI'),
(245, 'NIT', '88255206', 'Solano Dulcey Oscar Alberto', 'Externo', '', '5736600', '5736600', 'Av 17 N  7 A  14  Brr San Miguel', 'SI'),
(246, 'NIT', '1010093427', 'Solano Pulido Juan Daniel', 'Externo', '', '0', '0', 'Cl 18 21 30 Brr Gaitan', 'SI'),
(247, 'NIT', '1090474305', 'Stevan Castellanos Carlos Eduardo', 'Externo', '', '0', '0', 'Av 6 22n 11 Prados Norte', 'SI'),
(248, 'CC', '91351924', 'Suarez Barajas Wilson Eduardo', 'Externo', '', '0', '0', 'Cl 19 Norte 14 19', 'SI'),
(249, 'CC', '3', 'Suarez Luis', 'Externo', '', '0', '0', 'Venezuela', 'SI'),
(250, 'NIT', '1093780843', 'Suarez Rivera Glenys  Dayana', 'Externo', '', '0', '0', 'Calle 8 6-88 Motilones', 'SI'),
(251, 'NIT', '88225545', 'Tamara Lopez Javier Eduardo', 'Externo', '', '0', '0', 'Mz D Lt 14 Brr El Tesoro', 'SI'),
(252, 'NIT', '60388617', 'Tamara Lopez Marisela', 'Externo', '', '5792242', '5792242', 'Av 2  2  21 Brr La Victoria', 'SI'),
(253, 'NIT', '1143436645', 'Tarazona Ordoñez Astrid Carolina', 'Externo', '', '6421095', '6421095', 'Cll 31  13  48 Lc 9 Cc Pasaje Del Cuero Brr García Rovira', 'SI'),
(254, 'NIT', '79386196', 'Toloza Suarez Javier', 'Externo', '', '0', '0', 'Cl 14  12a 15 Giron', 'SI'),
(255, 'NIT', '1090378305', 'Torrado Miguel', 'Externo', '', '5823825', '5823825', 'Av 20a 28 67 Santander', 'SI'),
(256, 'CC', '1098688005', 'Torres Aguilar Juliet', 'Externo', '', '0', '0', 'Carrera 6 Occ 36  21  La Joya', 'SI'),
(257, 'NIT', '60386111', 'Torres Bermudez Mayra Alejandra', 'Externo', '', '5721050', '5721050', 'Av 10 8 55 Brr El Llano', 'SI'),
(258, 'NIT', '700185885', 'Torres Lara Marlene Josefina', 'Externo', '', '3156536807', '3156536807', 'Cl 7  14  92  Brr Loma De Bolivar', 'SI'),
(259, 'NIT', '6663468', 'Trillos Ramirez Franklin', 'Externo', '', '5822413', '5822413', 'Av 14 26 50 Brr Alfonso Lopez', 'SI'),
(260, 'CC', '1090421643', 'Valderrama Baron Jorge Enrique', 'Externo', '', '3108069437', '3108069437', 'Cll 4  14 35 Loma De Bolivar', 'SI'),
(261, 'NIT', '28392792', 'Valderrama Perez Herminia', 'Externo', '', '5721128', '5721128', 'Av 10  8  66 Brr El Llano', 'SI'),
(262, 'NIT', '1018508348', 'Valderrama Ramirez Valentina', 'Externo', '', '3164567451', '3164567451', 'Cra  45  45  71 Ap 403 In 8  Brr Rafel Nuñez', 'SI'),
(263, 'NIT', '71275019', 'Valencia Cardona Jhon Anderson', 'Externo', '', '2311168', '2311168', 'Cl 47  50a  16 P 4 In 402', 'SI'),
(264, 'CC', '77140046', 'Vanegas Alfredo', 'Externo', '', '0', '0', 'Calle 31 14 70', 'SI'),
(265, 'NIT', '63362609', 'Vargas Agudelo Adriangela', 'Externo', '', '3184110214', '3184110214', 'Cll 12  5  65 Brr Aeropuerto', 'SI'),
(266, 'NIT', '63343009', 'Vargas Luz Stella', 'Externo', '', '6444382', '6444382', 'Cl 63  17a 55', 'SI'),
(267, 'NIT', '1098622826', 'Vera Camilo Andres', 'Externo', '', '6341677', '6341677', 'Cl 20 21 41', 'SI'),
(268, 'NIT', '13241343', 'Vergel Gamboa Ciro Alfonso', 'Externo', '', '5725529', '5725529', 'Cll 18 9 52 Brr Camilo Torres', 'SI'),
(269, 'CC', '13361954', 'Vergel Wilson', 'Externo', '', '3105601530', '3105601530', 'Cll 13  7a 72', 'SI'),
(270, 'CC', '1090540630', 'Villamizar Diaz Yeison Andres', 'Externo', '', '0', '0', 'Calle 2 30 109 Belen', 'SI'),
(271, 'NIT', '37751229', 'Villamizar Mantilla Ismenia', 'Externo', '', '6818444', '6818444', 'Cl 29 A  1e  60 Sec La Cumbre', 'SI'),
(272, 'NIT', '93371631', 'Villanueva Sanchez Jose Yezid', 'Externo', '', '2619485', '2619485', 'Cr 4 Tamna 22 32 Brr El Carmen', 'SI'),
(273, 'CC', '1708335763', 'Viveros Maritza', 'Externo', '', '0', '0', 'Ipiales', 'SI'),
(274, 'NIT', '1034304432', 'Yepes Blanco Sharay Yulieth', 'Externo', '', '5781871', '5781871', 'Trasversal 17 # 6a - 94 Brr Loma Bolivar Porton Dorado', 'SI'),
(275, 'NIT', '88259393', 'Suarez Contreras Gerson', 'Externo', '', '5711453', '5711453', 'Av 11 11-12 Brr El Llano', 'SI'),
(276, 'CC', '1193601416', 'Calderon Contreras Ivent Sebastian', 'Externo', 'NOAPLICA@GMAIL.COM', '5950657', '3219379042', 'Cll 8 #10-33 Brr El Llano', 'SI');